DEBUG - 2026-09-30 05:17:08 --> Session: Class initialized using 'CodeIgniter\Session\Handlers\FileHandler' driver.
DEBUG - 2026-09-30 05:17:10 --> Session: Class initialized using 'CodeIgniter\Session\Handlers\FileHandler' driver.
DEBUG - 2026-09-30 05:17:23 --> Session: Class initialized using 'CodeIgniter\Session\Handlers\FileHandler' driver.
DEBUG - 2026-09-30 05:17:23 --> Session: Class initialized using 'CodeIgniter\Session\Handlers\FileHandler' driver.
DEBUG - 2026-09-30 05:17:26 --> Session: Class initialized using 'CodeIgniter\Session\Handlers\FileHandler' driver.
DEBUG - 2026-09-30 05:17:29 --> Session: Class initialized using 'CodeIgniter\Session\Handlers\FileHandler' driver.
DEBUG - 2026-09-30 05:17:33 --> Session: Class initialized using 'CodeIgniter\Session\Handlers\FileHandler' driver.
DEBUG - 2026-09-30 05:18:29 --> Session: Class initialized using 'CodeIgniter\Session\Handlers\FileHandler' driver.
DEBUG - 2026-09-30 05:18:32 --> Session: Class initialized using 'CodeIgniter\Session\Handlers\FileHandler' driver.
DEBUG - 2026-09-30 05:18:33 --> Session: Class initialized using 'CodeIgniter\Session\Handlers\FileHandler' driver.
DEBUG - 2026-09-30 05:25:28 --> Session: Class initialized using 'CodeIgniter\Session\Handlers\FileHandler' driver.
DEBUG - 2026-09-30 05:30:48 --> Session: Class initialized using 'CodeIgniter\Session\Handlers\FileHandler' driver.
DEBUG - 2026-09-30 05:30:53 --> Session: Class initialized using 'CodeIgniter\Session\Handlers\FileHandler' driver.
DEBUG - 2026-09-30 05:30:54 --> Session: Class initialized using 'CodeIgniter\Session\Handlers\FileHandler' driver.
DEBUG - 2026-09-30 05:30:55 --> Session: Class initialized using 'CodeIgniter\Session\Handlers\FileHandler' driver.
DEBUG - 2026-09-30 05:33:59 --> Session: Class initialized using 'CodeIgniter\Session\Handlers\FileHandler' driver.
DEBUG - 2026-09-30 05:34:05 --> Session: Class initialized using 'CodeIgniter\Session\Handlers\FileHandler' driver.
DEBUG - 2026-09-30 05:34:05 --> Session: Class initialized using 'CodeIgniter\Session\Handlers\FileHandler' driver.
DEBUG - 2026-09-30 05:34:07 --> Session: Class initialized using 'CodeIgniter\Session\Handlers\FileHandler' driver.
DEBUG - 2026-09-30 05:35:56 --> Session: Class initialized using 'CodeIgniter\Session\Handlers\FileHandler' driver.
DEBUG - 2026-09-30 05:36:01 --> Session: Class initialized using 'CodeIgniter\Session\Handlers\FileHandler' driver.
DEBUG - 2026-09-30 05:36:19 --> Session: Class initialized using 'CodeIgniter\Session\Handlers\FileHandler' driver.
DEBUG - 2026-09-30 05:36:20 --> Session: Class initialized using 'CodeIgniter\Session\Handlers\FileHandler' driver.
DEBUG - 2026-09-30 05:36:23 --> Session: Class initialized using 'CodeIgniter\Session\Handlers\FileHandler' driver.
DEBUG - 2026-09-30 05:36:35 --> Session: Class initialized using 'CodeIgniter\Session\Handlers\FileHandler' driver.
DEBUG - 2026-09-30 05:36:36 --> Session: Class initialized using 'CodeIgniter\Session\Handlers\FileHandler' driver.
DEBUG - 2026-09-30 05:41:01 --> Session: Class initialized using 'CodeIgniter\Session\Handlers\FileHandler' driver.
DEBUG - 2026-09-30 05:41:03 --> Session: Class initialized using 'CodeIgniter\Session\Handlers\FileHandler' driver.
DEBUG - 2026-09-30 05:41:05 --> Session: Class initialized using 'CodeIgniter\Session\Handlers\FileHandler' driver.
DEBUG - 2026-09-30 05:41:07 --> Session: Class initialized using 'CodeIgniter\Session\Handlers\FileHandler' driver.
DEBUG - 2026-09-30 05:41:09 --> Session: Class initialized using 'CodeIgniter\Session\Handlers\FileHandler' driver.
DEBUG - 2026-09-30 05:41:11 --> Session: Class initialized using 'CodeIgniter\Session\Handlers\FileHandler' driver.
DEBUG - 2026-09-30 05:41:11 --> Session: Class initialized using 'CodeIgniter\Session\Handlers\FileHandler' driver.
DEBUG - 2026-09-30 05:41:13 --> Session: Class initialized using 'CodeIgniter\Session\Handlers\FileHandler' driver.
DEBUG - 2026-09-30 05:42:02 --> Session: Class initialized using 'CodeIgniter\Session\Handlers\FileHandler' driver.
DEBUG - 2026-09-30 05:42:11 --> Session: Class initialized using 'CodeIgniter\Session\Handlers\FileHandler' driver.
DEBUG - 2026-09-30 05:43:12 --> Session: Class initialized using 'CodeIgniter\Session\Handlers\FileHandler' driver.
DEBUG - 2026-09-30 05:43:17 --> Session: Class initialized using 'CodeIgniter\Session\Handlers\FileHandler' driver.
DEBUG - 2026-09-30 05:43:19 --> Session: Class initialized using 'CodeIgniter\Session\Handlers\FileHandler' driver.
DEBUG - 2026-09-30 05:43:55 --> Session: Class initialized using 'CodeIgniter\Session\Handlers\FileHandler' driver.
DEBUG - 2026-09-30 05:43:56 --> Session: Class initialized using 'CodeIgniter\Session\Handlers\FileHandler' driver.
DEBUG - 2026-09-30 05:43:57 --> Session: Class initialized using 'CodeIgniter\Session\Handlers\FileHandler' driver.
DEBUG - 2026-09-30 05:43:58 --> Session: Class initialized using 'CodeIgniter\Session\Handlers\FileHandler' driver.
DEBUG - 2026-09-30 05:44:55 --> Session: Class initialized using 'CodeIgniter\Session\Handlers\FileHandler' driver.
DEBUG - 2026-09-30 05:44:55 --> Session: Class initialized using 'CodeIgniter\Session\Handlers\FileHandler' driver.
DEBUG - 2026-09-30 05:45:12 --> Session: Class initialized using 'CodeIgniter\Session\Handlers\FileHandler' driver.
DEBUG - 2026-09-30 05:45:12 --> Session: Class initialized using 'CodeIgniter\Session\Handlers\FileHandler' driver.
DEBUG - 2026-09-30 05:45:14 --> Session: Class initialized using 'CodeIgniter\Session\Handlers\FileHandler' driver.
DEBUG - 2026-09-30 05:45:17 --> Session: Class initialized using 'CodeIgniter\Session\Handlers\FileHandler' driver.
DEBUG - 2026-09-30 05:46:11 --> Session: Class initialized using 'CodeIgniter\Session\Handlers\FileHandler' driver.
DEBUG - 2026-09-30 05:46:28 --> Session: Class initialized using 'CodeIgniter\Session\Handlers\FileHandler' driver.
DEBUG - 2026-09-30 05:46:28 --> Session: Class initialized using 'CodeIgniter\Session\Handlers\FileHandler' driver.
WARNING - 2026-09-30 05:46:28 --> [DEPRECATED] ucfirst(): Passing null to parameter #1 ($string) of type string is deprecated in APPPATH\Views\users\index.php on line 55.
 1 APPPATH\Views\users\index.php(55): ucfirst(null)
 2 SYSTEMPATH\View\View.php(226): include('C:\\xampp\\htdocs\\maldinci\\app\\Views\\users\\index.php')
 3 SYSTEMPATH\View\View.php(229): CodeIgniter\View\View->CodeIgniter\View\{closure}()
 4 SYSTEMPATH\Common.php(1167): CodeIgniter\View\View->render('users/index', [], true)
 5 APPPATH\Controllers\Users.php(94): view('users/index', [...])
 6 SYSTEMPATH\CodeIgniter.php(933): App\Controllers\Users->index()
 7 SYSTEMPATH\CodeIgniter.php(507): CodeIgniter\CodeIgniter->runController(Object(App\Controllers\Users))
 8 SYSTEMPATH\CodeIgniter.php(354): CodeIgniter\CodeIgniter->handleRequest(null, Object(Config\Cache), false)
 9 SYSTEMPATH\Boot.php(363): CodeIgniter\CodeIgniter->run()
10 SYSTEMPATH\Boot.php(68): CodeIgniter\Boot::runCodeIgniter(Object(CodeIgniter\CodeIgniter))
11 FCPATH\index.php(59): CodeIgniter\Boot::bootWeb(Object(Config\Paths))
DEBUG - 2026-09-30 05:46:50 --> Session: Class initialized using 'CodeIgniter\Session\Handlers\FileHandler' driver.
DEBUG - 2026-09-30 05:46:52 --> Session: Class initialized using 'CodeIgniter\Session\Handlers\FileHandler' driver.
DEBUG - 2026-09-30 05:46:58 --> Session: Class initialized using 'CodeIgniter\Session\Handlers\FileHandler' driver.
DEBUG - 2026-09-30 05:47:01 --> Session: Class initialized using 'CodeIgniter\Session\Handlers\FileHandler' driver.
DEBUG - 2026-09-30 05:47:03 --> Session: Class initialized using 'CodeIgniter\Session\Handlers\FileHandler' driver.
DEBUG - 2026-09-30 05:47:09 --> Session: Class initialized using 'CodeIgniter\Session\Handlers\FileHandler' driver.
DEBUG - 2026-09-30 05:47:12 --> Session: Class initialized using 'CodeIgniter\Session\Handlers\FileHandler' driver.
DEBUG - 2026-09-30 05:47:17 --> Session: Class initialized using 'CodeIgniter\Session\Handlers\FileHandler' driver.
DEBUG - 2026-09-30 05:48:11 --> Session: Class initialized using 'CodeIgniter\Session\Handlers\FileHandler' driver.
DEBUG - 2026-09-30 05:48:11 --> Session: Class initialized using 'CodeIgniter\Session\Handlers\FileHandler' driver.
DEBUG - 2026-09-30 05:48:17 --> Session: Class initialized using 'CodeIgniter\Session\Handlers\FileHandler' driver.
DEBUG - 2026-09-30 05:48:18 --> Session: Class initialized using 'CodeIgniter\Session\Handlers\FileHandler' driver.
DEBUG - 2026-09-30 05:48:19 --> Session: Class initialized using 'CodeIgniter\Session\Handlers\FileHandler' driver.
DEBUG - 2026-09-30 05:48:19 --> Session: Class initialized using 'CodeIgniter\Session\Handlers\FileHandler' driver.
DEBUG - 2026-09-30 05:48:21 --> Session: Class initialized using 'CodeIgniter\Session\Handlers\FileHandler' driver.
DEBUG - 2026-09-30 05:48:21 --> Session: Class initialized using 'CodeIgniter\Session\Handlers\FileHandler' driver.
DEBUG - 2026-09-30 05:48:22 --> Session: Class initialized using 'CodeIgniter\Session\Handlers\FileHandler' driver.
DEBUG - 2026-09-30 05:48:22 --> Session: Class initialized using 'CodeIgniter\Session\Handlers\FileHandler' driver.
DEBUG - 2026-09-30 05:48:24 --> Session: Class initialized using 'CodeIgniter\Session\Handlers\FileHandler' driver.
DEBUG - 2026-09-30 05:48:24 --> Session: Class initialized using 'CodeIgniter\Session\Handlers\FileHandler' driver.
DEBUG - 2026-09-30 05:48:29 --> Session: Class initialized using 'CodeIgniter\Session\Handlers\FileHandler' driver.
DEBUG - 2026-09-30 05:48:30 --> Session: Class initialized using 'CodeIgniter\Session\Handlers\FileHandler' driver.
DEBUG - 2026-09-30 05:48:30 --> Session: Class initialized using 'CodeIgniter\Session\Handlers\FileHandler' driver.
DEBUG - 2026-09-30 05:48:31 --> Session: Class initialized using 'CodeIgniter\Session\Handlers\FileHandler' driver.
DEBUG - 2026-09-30 05:48:32 --> Session: Class initialized using 'CodeIgniter\Session\Handlers\FileHandler' driver.
DEBUG - 2026-09-30 05:48:32 --> Session: Class initialized using 'CodeIgniter\Session\Handlers\FileHandler' driver.
DEBUG - 2026-09-30 05:48:34 --> Session: Class initialized using 'CodeIgniter\Session\Handlers\FileHandler' driver.
DEBUG - 2026-09-30 05:48:35 --> Session: Class initialized using 'CodeIgniter\Session\Handlers\FileHandler' driver.
DEBUG - 2026-09-30 05:48:36 --> Session: Class initialized using 'CodeIgniter\Session\Handlers\FileHandler' driver.
DEBUG - 2026-09-30 05:48:36 --> Session: Class initialized using 'CodeIgniter\Session\Handlers\FileHandler' driver.
DEBUG - 2026-09-30 05:48:37 --> Session: Class initialized using 'CodeIgniter\Session\Handlers\FileHandler' driver.
DEBUG - 2026-09-30 05:48:37 --> Session: Class initialized using 'CodeIgniter\Session\Handlers\FileHandler' driver.
DEBUG - 2026-09-30 05:48:47 --> Session: Class initialized using 'CodeIgniter\Session\Handlers\FileHandler' driver.
DEBUG - 2026-09-30 05:48:47 --> Session: Class initialized using 'CodeIgniter\Session\Handlers\FileHandler' driver.
DEBUG - 2026-09-30 05:48:49 --> Session: Class initialized using 'CodeIgniter\Session\Handlers\FileHandler' driver.
DEBUG - 2026-09-30 05:48:49 --> Session: Class initialized using 'CodeIgniter\Session\Handlers\FileHandler' driver.
DEBUG - 2026-09-30 05:49:53 --> Session: Class initialized using 'CodeIgniter\Session\Handlers\FileHandler' driver.
DEBUG - 2026-09-30 05:49:55 --> Session: Class initialized using 'CodeIgniter\Session\Handlers\FileHandler' driver.
DEBUG - 2026-09-30 05:49:55 --> Session: Class initialized using 'CodeIgniter\Session\Handlers\FileHandler' driver.
DEBUG - 2026-09-30 05:49:58 --> Session: Class initialized using 'CodeIgniter\Session\Handlers\FileHandler' driver.
DEBUG - 2026-09-30 05:50:00 --> Session: Class initialized using 'CodeIgniter\Session\Handlers\FileHandler' driver.
DEBUG - 2026-09-30 05:50:02 --> Session: Class initialized using 'CodeIgniter\Session\Handlers\FileHandler' driver.
DEBUG - 2026-09-30 05:50:02 --> Session: Class initialized using 'CodeIgniter\Session\Handlers\FileHandler' driver.
DEBUG - 2026-09-30 05:50:03 --> Session: Class initialized using 'CodeIgniter\Session\Handlers\FileHandler' driver.
DEBUG - 2026-09-30 05:50:04 --> Session: Class initialized using 'CodeIgniter\Session\Handlers\FileHandler' driver.
DEBUG - 2026-09-30 05:50:04 --> Session: Class initialized using 'CodeIgniter\Session\Handlers\FileHandler' driver.
DEBUG - 2026-09-30 05:50:05 --> Session: Class initialized using 'CodeIgniter\Session\Handlers\FileHandler' driver.
DEBUG - 2026-09-30 05:50:06 --> Session: Class initialized using 'CodeIgniter\Session\Handlers\FileHandler' driver.
DEBUG - 2026-09-30 05:50:06 --> Session: Class initialized using 'CodeIgniter\Session\Handlers\FileHandler' driver.
DEBUG - 2026-09-30 05:50:06 --> Session: Class initialized using 'CodeIgniter\Session\Handlers\FileHandler' driver.
DEBUG - 2026-09-30 05:50:07 --> Session: Class initialized using 'CodeIgniter\Session\Handlers\FileHandler' driver.
DEBUG - 2026-09-30 05:50:07 --> Session: Class initialized using 'CodeIgniter\Session\Handlers\FileHandler' driver.
DEBUG - 2026-09-30 05:51:24 --> Session: Class initialized using 'CodeIgniter\Session\Handlers\FileHandler' driver.
DEBUG - 2026-09-30 05:51:25 --> Session: Class initialized using 'CodeIgniter\Session\Handlers\FileHandler' driver.
DEBUG - 2026-09-30 05:51:25 --> Session: Class initialized using 'CodeIgniter\Session\Handlers\FileHandler' driver.
DEBUG - 2026-09-30 05:51:26 --> Session: Class initialized using 'CodeIgniter\Session\Handlers\FileHandler' driver.
DEBUG - 2026-09-30 05:51:28 --> Session: Class initialized using 'CodeIgniter\Session\Handlers\FileHandler' driver.
DEBUG - 2026-09-30 05:51:28 --> Session: Class initialized using 'CodeIgniter\Session\Handlers\FileHandler' driver.
DEBUG - 2026-09-30 05:51:34 --> Session: Class initialized using 'CodeIgniter\Session\Handlers\FileHandler' driver.
DEBUG - 2026-09-30 05:51:35 --> Session: Class initialized using 'CodeIgniter\Session\Handlers\FileHandler' driver.
DEBUG - 2026-09-30 05:51:37 --> Session: Class initialized using 'CodeIgniter\Session\Handlers\FileHandler' driver.
DEBUG - 2026-09-30 05:51:58 --> Session: Class initialized using 'CodeIgniter\Session\Handlers\FileHandler' driver.
DEBUG - 2026-09-30 05:51:58 --> Session: Class initialized using 'CodeIgniter\Session\Handlers\FileHandler' driver.
WARNING - 2026-09-30 05:51:58 --> [DEPRECATED] ucfirst(): Passing null to parameter #1 ($string) of type string is deprecated in APPPATH\Views\users\index.php on line 55.
 1 APPPATH\Views\users\index.php(55): ucfirst(null)
 2 SYSTEMPATH\View\View.php(226): include('C:\\xampp\\htdocs\\maldinci\\app\\Views\\users\\index.php')
 3 SYSTEMPATH\View\View.php(229): CodeIgniter\View\View->CodeIgniter\View\{closure}()
 4 SYSTEMPATH\Common.php(1167): CodeIgniter\View\View->render('users/index', [], true)
 5 APPPATH\Controllers\Users.php(94): view('users/index', [...])
 6 SYSTEMPATH\CodeIgniter.php(933): App\Controllers\Users->index()
 7 SYSTEMPATH\CodeIgniter.php(507): CodeIgniter\CodeIgniter->runController(Object(App\Controllers\Users))
 8 SYSTEMPATH\CodeIgniter.php(354): CodeIgniter\CodeIgniter->handleRequest(null, Object(Config\Cache), false)
 9 SYSTEMPATH\Boot.php(363): CodeIgniter\CodeIgniter->run()
10 SYSTEMPATH\Boot.php(68): CodeIgniter\Boot::runCodeIgniter(Object(CodeIgniter\CodeIgniter))
11 FCPATH\index.php(59): CodeIgniter\Boot::bootWeb(Object(Config\Paths))
DEBUG - 2026-09-30 05:52:20 --> Session: Class initialized using 'CodeIgniter\Session\Handlers\FileHandler' driver.
DEBUG - 2026-09-30 05:52:22 --> Session: Class initialized using 'CodeIgniter\Session\Handlers\FileHandler' driver.
DEBUG - 2026-09-30 05:52:23 --> Session: Class initialized using 'CodeIgniter\Session\Handlers\FileHandler' driver.
DEBUG - 2026-09-30 05:52:25 --> Session: Class initialized using 'CodeIgniter\Session\Handlers\FileHandler' driver.
DEBUG - 2026-09-30 05:54:44 --> Session: Class initialized using 'CodeIgniter\Session\Handlers\FileHandler' driver.
DEBUG - 2026-09-30 05:54:51 --> Session: Class initialized using 'CodeIgniter\Session\Handlers\FileHandler' driver.
DEBUG - 2026-09-30 05:54:51 --> Session: Class initialized using 'CodeIgniter\Session\Handlers\FileHandler' driver.
DEBUG - 2026-09-30 05:55:02 --> Session: Class initialized using 'CodeIgniter\Session\Handlers\FileHandler' driver.
DEBUG - 2026-09-30 05:55:10 --> Session: Class initialized using 'CodeIgniter\Session\Handlers\FileHandler' driver.
DEBUG - 2026-09-30 05:55:10 --> Session: Class initialized using 'CodeIgniter\Session\Handlers\FileHandler' driver.
DEBUG - 2026-09-30 05:55:13 --> Session: Class initialized using 'CodeIgniter\Session\Handlers\FileHandler' driver.
DEBUG - 2026-09-30 05:55:25 --> Session: Class initialized using 'CodeIgniter\Session\Handlers\FileHandler' driver.
DEBUG - 2026-09-30 05:55:25 --> Session: Class initialized using 'CodeIgniter\Session\Handlers\FileHandler' driver.
DEBUG - 2026-09-30 05:55:27 --> Session: Class initialized using 'CodeIgniter\Session\Handlers\FileHandler' driver.
DEBUG - 2026-09-30 05:55:49 --> Session: Class initialized using 'CodeIgniter\Session\Handlers\FileHandler' driver.
DEBUG - 2026-09-30 05:55:49 --> Session: Class initialized using 'CodeIgniter\Session\Handlers\FileHandler' driver.
DEBUG - 2026-09-30 05:55:53 --> Session: Class initialized using 'CodeIgniter\Session\Handlers\FileHandler' driver.
DEBUG - 2026-09-30 05:56:04 --> Session: Class initialized using 'CodeIgniter\Session\Handlers\FileHandler' driver.
DEBUG - 2026-09-30 05:56:04 --> Session: Class initialized using 'CodeIgniter\Session\Handlers\FileHandler' driver.
DEBUG - 2026-09-30 05:56:07 --> Session: Class initialized using 'CodeIgniter\Session\Handlers\FileHandler' driver.
DEBUG - 2026-09-30 06:00:35 --> Session: Class initialized using 'CodeIgniter\Session\Handlers\FileHandler' driver.
DEBUG - 2026-09-30 06:00:36 --> Session: Class initialized using 'CodeIgniter\Session\Handlers\FileHandler' driver.
DEBUG - 2026-09-30 06:00:37 --> Session: Class initialized using 'CodeIgniter\Session\Handlers\FileHandler' driver.
DEBUG - 2026-09-30 06:00:38 --> Session: Class initialized using 'CodeIgniter\Session\Handlers\FileHandler' driver.
DEBUG - 2026-09-30 06:00:39 --> Session: Class initialized using 'CodeIgniter\Session\Handlers\FileHandler' driver.
DEBUG - 2026-09-30 06:04:09 --> Session: Class initialized using 'CodeIgniter\Session\Handlers\FileHandler' driver.
DEBUG - 2026-09-30 06:04:10 --> Session: Class initialized using 'CodeIgniter\Session\Handlers\FileHandler' driver.
DEBUG - 2026-09-30 06:04:16 --> Session: Class initialized using 'CodeIgniter\Session\Handlers\FileHandler' driver.
DEBUG - 2026-09-30 06:04:16 --> Session: Class initialized using 'CodeIgniter\Session\Handlers\FileHandler' driver.
DEBUG - 2026-09-30 06:04:19 --> Session: Class initialized using 'CodeIgniter\Session\Handlers\FileHandler' driver.
DEBUG - 2026-09-30 06:04:25 --> Session: Class initialized using 'CodeIgniter\Session\Handlers\FileHandler' driver.
DEBUG - 2026-09-30 06:04:25 --> Session: Class initialized using 'CodeIgniter\Session\Handlers\FileHandler' driver.
DEBUG - 2026-09-30 06:04:27 --> Session: Class initialized using 'CodeIgniter\Session\Handlers\FileHandler' driver.
DEBUG - 2026-09-30 06:04:37 --> Session: Class initialized using 'CodeIgniter\Session\Handlers\FileHandler' driver.
DEBUG - 2026-09-30 06:05:07 --> Session: Class initialized using 'CodeIgniter\Session\Handlers\FileHandler' driver.
DEBUG - 2026-09-30 06:05:07 --> Session: Class initialized using 'CodeIgniter\Session\Handlers\FileHandler' driver.
DEBUG - 2026-09-30 06:05:10 --> Session: Class initialized using 'CodeIgniter\Session\Handlers\FileHandler' driver.
DEBUG - 2026-09-30 06:06:20 --> Session: Class initialized using 'CodeIgniter\Session\Handlers\FileHandler' driver.
DEBUG - 2026-09-30 06:06:24 --> Session: Class initialized using 'CodeIgniter\Session\Handlers\FileHandler' driver.
DEBUG - 2026-09-30 06:06:26 --> Session: Class initialized using 'CodeIgniter\Session\Handlers\FileHandler' driver.
DEBUG - 2026-09-30 06:06:27 --> Session: Class initialized using 'CodeIgniter\Session\Handlers\FileHandler' driver.
DEBUG - 2026-09-30 06:06:35 --> Session: Class initialized using 'CodeIgniter\Session\Handlers\FileHandler' driver.
DEBUG - 2026-09-30 06:06:42 --> Session: Class initialized using 'CodeIgniter\Session\Handlers\FileHandler' driver.
DEBUG - 2026-09-30 06:06:49 --> Session: Class initialized using 'CodeIgniter\Session\Handlers\FileHandler' driver.
DEBUG - 2026-09-30 06:07:21 --> Session: Class initialized using 'CodeIgniter\Session\Handlers\FileHandler' driver.
DEBUG - 2026-09-30 06:07:21 --> Session: Class initialized using 'CodeIgniter\Session\Handlers\FileHandler' driver.
DEBUG - 2026-09-30 06:07:25 --> Session: Class initialized using 'CodeIgniter\Session\Handlers\FileHandler' driver.
DEBUG - 2026-09-30 06:07:49 --> Session: Class initialized using 'CodeIgniter\Session\Handlers\FileHandler' driver.
DEBUG - 2026-09-30 06:08:23 --> Session: Class initialized using 'CodeIgniter\Session\Handlers\FileHandler' driver.
DEBUG - 2026-09-30 06:09:03 --> Session: Class initialized using 'CodeIgniter\Session\Handlers\FileHandler' driver.
DEBUG - 2026-09-30 06:09:03 --> Session: Class initialized using 'CodeIgniter\Session\Handlers\FileHandler' driver.
DEBUG - 2026-09-30 06:10:20 --> Session: Class initialized using 'CodeIgniter\Session\Handlers\FileHandler' driver.
DEBUG - 2026-09-30 06:10:22 --> Session: Class initialized using 'CodeIgniter\Session\Handlers\FileHandler' driver.
DEBUG - 2026-09-30 06:10:24 --> Session: Class initialized using 'CodeIgniter\Session\Handlers\FileHandler' driver.
DEBUG - 2026-09-30 06:10:24 --> Session: Class initialized using 'CodeIgniter\Session\Handlers\FileHandler' driver.
DEBUG - 2026-09-30 06:10:27 --> Session: Class initialized using 'CodeIgniter\Session\Handlers\FileHandler' driver.
DEBUG - 2026-09-30 06:10:27 --> Session: Class initialized using 'CodeIgniter\Session\Handlers\FileHandler' driver.
DEBUG - 2026-09-30 06:10:31 --> Session: Class initialized using 'CodeIgniter\Session\Handlers\FileHandler' driver.
DEBUG - 2026-09-30 06:10:32 --> Session: Class initialized using 'CodeIgniter\Session\Handlers\FileHandler' driver.
DEBUG - 2026-09-30 06:10:33 --> Session: Class initialized using 'CodeIgniter\Session\Handlers\FileHandler' driver.
DEBUG - 2026-09-30 06:10:36 --> Session: Class initialized using 'CodeIgniter\Session\Handlers\FileHandler' driver.
DEBUG - 2026-09-30 06:10:53 --> Session: Class initialized using 'CodeIgniter\Session\Handlers\FileHandler' driver.
DEBUG - 2026-09-30 06:10:53 --> Session: Class initialized using 'CodeIgniter\Session\Handlers\FileHandler' driver.
DEBUG - 2026-09-30 06:10:58 --> Session: Class initialized using 'CodeIgniter\Session\Handlers\FileHandler' driver.
DEBUG - 2026-09-30 06:11:08 --> Session: Class initialized using 'CodeIgniter\Session\Handlers\FileHandler' driver.
DEBUG - 2026-09-30 06:11:08 --> Session: Class initialized using 'CodeIgniter\Session\Handlers\FileHandler' driver.
DEBUG - 2026-09-30 06:11:12 --> Session: Class initialized using 'CodeIgniter\Session\Handlers\FileHandler' driver.
DEBUG - 2026-09-30 06:11:27 --> Session: Class initialized using 'CodeIgniter\Session\Handlers\FileHandler' driver.
DEBUG - 2026-09-30 06:11:28 --> Session: Class initialized using 'CodeIgniter\Session\Handlers\FileHandler' driver.
DEBUG - 2026-09-30 06:14:02 --> Session: Class initialized using 'CodeIgniter\Session\Handlers\FileHandler' driver.
DEBUG - 2026-09-30 06:14:06 --> Session: Class initialized using 'CodeIgniter\Session\Handlers\FileHandler' driver.
DEBUG - 2026-09-30 06:14:06 --> Session: Class initialized using 'CodeIgniter\Session\Handlers\FileHandler' driver.
DEBUG - 2026-09-30 06:14:10 --> Session: Class initialized using 'CodeIgniter\Session\Handlers\FileHandler' driver.
DEBUG - 2026-09-30 06:14:10 --> Session: Class initialized using 'CodeIgniter\Session\Handlers\FileHandler' driver.
DEBUG - 2026-09-30 06:14:13 --> Session: Class initialized using 'CodeIgniter\Session\Handlers\FileHandler' driver.
DEBUG - 2026-09-30 06:20:06 --> Session: Class initialized using 'CodeIgniter\Session\Handlers\FileHandler' driver.
DEBUG - 2026-09-30 06:20:08 --> Session: Class initialized using 'CodeIgniter\Session\Handlers\FileHandler' driver.
DEBUG - 2026-09-30 06:20:13 --> Session: Class initialized using 'CodeIgniter\Session\Handlers\FileHandler' driver.
DEBUG - 2026-09-30 06:23:12 --> Session: Class initialized using 'CodeIgniter\Session\Handlers\FileHandler' driver.
DEBUG - 2026-09-30 06:23:14 --> Session: Class initialized using 'CodeIgniter\Session\Handlers\FileHandler' driver.
DEBUG - 2026-09-30 06:23:19 --> Session: Class initialized using 'CodeIgniter\Session\Handlers\FileHandler' driver.
DEBUG - 2026-09-30 06:26:27 --> Session: Class initialized using 'CodeIgniter\Session\Handlers\FileHandler' driver.
DEBUG - 2026-09-30 06:26:29 --> Session: Class initialized using 'CodeIgniter\Session\Handlers\FileHandler' driver.
DEBUG - 2026-09-30 06:26:36 --> Session: Class initialized using 'CodeIgniter\Session\Handlers\FileHandler' driver.
DEBUG - 2026-09-30 06:26:37 --> Session: Class initialized using 'CodeIgniter\Session\Handlers\FileHandler' driver.
DEBUG - 2026-09-30 06:26:39 --> Session: Class initialized using 'CodeIgniter\Session\Handlers\FileHandler' driver.
DEBUG - 2026-09-30 06:26:39 --> Session: Class initialized using 'CodeIgniter\Session\Handlers\FileHandler' driver.
DEBUG - 2026-09-30 06:26:40 --> Session: Class initialized using 'CodeIgniter\Session\Handlers\FileHandler' driver.
DEBUG - 2026-09-30 06:26:43 --> Session: Class initialized using 'CodeIgniter\Session\Handlers\FileHandler' driver.
DEBUG - 2026-09-30 06:28:43 --> Session: Class initialized using 'CodeIgniter\Session\Handlers\FileHandler' driver.
DEBUG - 2026-09-30 06:31:35 --> Session: Class initialized using 'CodeIgniter\Session\Handlers\FileHandler' driver.
DEBUG - 2026-09-30 06:31:35 --> Session: Class initialized using 'CodeIgniter\Session\Handlers\FileHandler' driver.
DEBUG - 2026-09-30 06:32:13 --> Session: Class initialized using 'CodeIgniter\Session\Handlers\FileHandler' driver.
DEBUG - 2026-09-30 06:32:14 --> Session: Class initialized using 'CodeIgniter\Session\Handlers\FileHandler' driver.
DEBUG - 2026-09-30 06:33:40 --> Session: Class initialized using 'CodeIgniter\Session\Handlers\FileHandler' driver.
ERROR - 2026-09-30 06:44:41 --> mysqli_sql_exception: Table 'maldinci.user' doesn't exist in C:\xampp\htdocs\maldinci\system\Database\MySQLi\Connection.php:327
Stack trace:
#0 C:\xampp\htdocs\maldinci\system\Database\MySQLi\Connection.php(327): mysqli->query('SELECT `peminja...', 0)
#1 C:\xampp\htdocs\maldinci\system\Database\BaseConnection.php(729): CodeIgniter\Database\MySQLi\Connection->execute('SELECT `peminja...')
#2 C:\xampp\htdocs\maldinci\system\Database\BaseConnection.php(646): CodeIgniter\Database\BaseConnection->simpleQuery('SELECT `peminja...')
#3 C:\xampp\htdocs\maldinci\system\Database\BaseBuilder.php(1649): CodeIgniter\Database\BaseConnection->query('SELECT `peminja...', Array, false)
#4 C:\xampp\htdocs\maldinci\app\Controllers\Peminjaman.php(38): CodeIgniter\Database\BaseBuilder->get()
#5 C:\xampp\htdocs\maldinci\system\CodeIgniter.php(933): App\Controllers\Peminjaman->index()
#6 C:\xampp\htdocs\maldinci\system\CodeIgniter.php(507): CodeIgniter\CodeIgniter->runController(Object(App\Controllers\Peminjaman))
#7 C:\xampp\htdocs\maldinci\system\CodeIgniter.php(354): CodeIgniter\CodeIgniter->handleRequest(NULL, Object(Config\Cache), false)
#8 C:\xampp\htdocs\maldinci\system\Boot.php(363): CodeIgniter\CodeIgniter->run()
#9 C:\xampp\htdocs\maldinci\system\Boot.php(68): CodeIgniter\Boot::runCodeIgniter(Object(CodeIgniter\CodeIgniter))
#10 C:\xampp\htdocs\maldinci\index.php(59): CodeIgniter\Boot::bootWeb(Object(Config\Paths))
#11 {main}
CRITICAL - 2026-09-30 06:44:41 --> CodeIgniter\Database\Exceptions\DatabaseException: Table 'maldinci.user' doesn't exist
[Method: GET, Route: peminjaman]
in SYSTEMPATH\Database\BaseConnection.php on line 684.
 1 SYSTEMPATH\Database\BaseBuilder.php(1649): CodeIgniter\Database\BaseConnection->query('SELECT `peminjaman`.*, `buku`.`judul`, `user`.`nama` as `nama_anggota`, `user`.`nama` as `nama_petugas`
FROM `peminjaman`
LEFT JOIN `buku` ON `buku`.`id_buku` = `peminjaman`.`id_buku`
LEFT JOIN `user` `user_anggota` ON `user_anggota`.`id` = `peminjaman`.`id_anggota`
LEFT JOIN `user` `user_petugas` ON `user_petugas`.`id` = `peminjaman`.`id_petugas`', [], false)
 2 APPPATH\Controllers\Peminjaman.php(38): CodeIgniter\Database\BaseBuilder->get()
 3 SYSTEMPATH\CodeIgniter.php(933): App\Controllers\Peminjaman->index()
 4 SYSTEMPATH\CodeIgniter.php(507): CodeIgniter\CodeIgniter->runController(Object(App\Controllers\Peminjaman))
 5 SYSTEMPATH\CodeIgniter.php(354): CodeIgniter\CodeIgniter->handleRequest(null, Object(Config\Cache), false)
 6 SYSTEMPATH\Boot.php(363): CodeIgniter\CodeIgniter->run()
 7 SYSTEMPATH\Boot.php(68): CodeIgniter\Boot::runCodeIgniter(Object(CodeIgniter\CodeIgniter))
 8 FCPATH\index.php(59): CodeIgniter\Boot::bootWeb(Object(Config\Paths))
CRITICAL - 2026-09-30 06:44:41 --> [Caused by] CodeIgniter\Database\Exceptions\DatabaseException: Table 'maldinci.user' doesn't exist
in SYSTEMPATH\Database\MySQLi\Connection.php on line 332.
 1 SYSTEMPATH\Database\BaseConnection.php(729): CodeIgniter\Database\MySQLi\Connection->execute('SELECT `peminjaman`.*, `buku`.`judul`, `user`.`nama` as `nama_anggota`, `user`.`nama` as `nama_petugas`
FROM `peminjaman`
LEFT JOIN `buku` ON `buku`.`id_buku` = `peminjaman`.`id_buku`
LEFT JOIN `user` `user_anggota` ON `user_anggota`.`id` = `peminjaman`.`id_anggota`
LEFT JOIN `user` `user_petugas` ON `user_petugas`.`id` = `peminjaman`.`id_petugas`')
 2 SYSTEMPATH\Database\BaseConnection.php(646): CodeIgniter\Database\BaseConnection->simpleQuery('SELECT `peminjaman`.*, `buku`.`judul`, `user`.`nama` as `nama_anggota`, `user`.`nama` as `nama_petugas`
FROM `peminjaman`
LEFT JOIN `buku` ON `buku`.`id_buku` = `peminjaman`.`id_buku`
LEFT JOIN `user` `user_anggota` ON `user_anggota`.`id` = `peminjaman`.`id_anggota`
LEFT JOIN `user` `user_petugas` ON `user_petugas`.`id` = `peminjaman`.`id_petugas`')
 3 SYSTEMPATH\Database\BaseBuilder.php(1649): CodeIgniter\Database\BaseConnection->query('SELECT `peminjaman`.*, `buku`.`judul`, `user`.`nama` as `nama_anggota`, `user`.`nama` as `nama_petugas`
FROM `peminjaman`
LEFT JOIN `buku` ON `buku`.`id_buku` = `peminjaman`.`id_buku`
LEFT JOIN `user` `user_anggota` ON `user_anggota`.`id` = `peminjaman`.`id_anggota`
LEFT JOIN `user` `user_petugas` ON `user_petugas`.`id` = `peminjaman`.`id_petugas`', [], false)
 4 APPPATH\Controllers\Peminjaman.php(38): CodeIgniter\Database\BaseBuilder->get()
 5 SYSTEMPATH\CodeIgniter.php(933): App\Controllers\Peminjaman->index()
 6 SYSTEMPATH\CodeIgniter.php(507): CodeIgniter\CodeIgniter->runController(Object(App\Controllers\Peminjaman))
 7 SYSTEMPATH\CodeIgniter.php(354): CodeIgniter\CodeIgniter->handleRequest(null, Object(Config\Cache), false)
 8 SYSTEMPATH\Boot.php(363): CodeIgniter\CodeIgniter->run()
 9 SYSTEMPATH\Boot.php(68): CodeIgniter\Boot::runCodeIgniter(Object(CodeIgniter\CodeIgniter))
10 FCPATH\index.php(59): CodeIgniter\Boot::bootWeb(Object(Config\Paths))
CRITICAL - 2026-09-30 06:44:41 --> [Caused by] mysqli_sql_exception: Table 'maldinci.user' doesn't exist
in SYSTEMPATH\Database\MySQLi\Connection.php on line 327.
 1 SYSTEMPATH\Database\MySQLi\Connection.php(327): mysqli->query('SELECT `peminjaman`.*, `buku`.`judul`, `user`.`nama` as `nama_anggota`, `user`.`nama` as `nama_petugas`
FROM `peminjaman`
LEFT JOIN `buku` ON `buku`.`id_buku` = `peminjaman`.`id_buku`
LEFT JOIN `user` `user_anggota` ON `user_anggota`.`id` = `peminjaman`.`id_anggota`
LEFT JOIN `user` `user_petugas` ON `user_petugas`.`id` = `peminjaman`.`id_petugas`', 0)
 2 SYSTEMPATH\Database\BaseConnection.php(729): CodeIgniter\Database\MySQLi\Connection->execute('SELECT `peminjaman`.*, `buku`.`judul`, `user`.`nama` as `nama_anggota`, `user`.`nama` as `nama_petugas`
FROM `peminjaman`
LEFT JOIN `buku` ON `buku`.`id_buku` = `peminjaman`.`id_buku`
LEFT JOIN `user` `user_anggota` ON `user_anggota`.`id` = `peminjaman`.`id_anggota`
LEFT JOIN `user` `user_petugas` ON `user_petugas`.`id` = `peminjaman`.`id_petugas`')
 3 SYSTEMPATH\Database\BaseConnection.php(646): CodeIgniter\Database\BaseConnection->simpleQuery('SELECT `peminjaman`.*, `buku`.`judul`, `user`.`nama` as `nama_anggota`, `user`.`nama` as `nama_petugas`
FROM `peminjaman`
LEFT JOIN `buku` ON `buku`.`id_buku` = `peminjaman`.`id_buku`
LEFT JOIN `user` `user_anggota` ON `user_anggota`.`id` = `peminjaman`.`id_anggota`
LEFT JOIN `user` `user_petugas` ON `user_petugas`.`id` = `peminjaman`.`id_petugas`')
 4 SYSTEMPATH\Database\BaseBuilder.php(1649): CodeIgniter\Database\BaseConnection->query('SELECT `peminjaman`.*, `buku`.`judul`, `user`.`nama` as `nama_anggota`, `user`.`nama` as `nama_petugas`
FROM `peminjaman`
LEFT JOIN `buku` ON `buku`.`id_buku` = `peminjaman`.`id_buku`
LEFT JOIN `user` `user_anggota` ON `user_anggota`.`id` = `peminjaman`.`id_anggota`
LEFT JOIN `user` `user_petugas` ON `user_petugas`.`id` = `peminjaman`.`id_petugas`', [], false)
 5 APPPATH\Controllers\Peminjaman.php(38): CodeIgniter\Database\BaseBuilder->get()
 6 SYSTEMPATH\CodeIgniter.php(933): App\Controllers\Peminjaman->index()
 7 SYSTEMPATH\CodeIgniter.php(507): CodeIgniter\CodeIgniter->runController(Object(App\Controllers\Peminjaman))
 8 SYSTEMPATH\CodeIgniter.php(354): CodeIgniter\CodeIgniter->handleRequest(null, Object(Config\Cache), false)
 9 SYSTEMPATH\Boot.php(363): CodeIgniter\CodeIgniter->run()
10 SYSTEMPATH\Boot.php(68): CodeIgniter\Boot::runCodeIgniter(Object(CodeIgniter\CodeIgniter))
11 FCPATH\index.php(59): CodeIgniter\Boot::bootWeb(Object(Config\Paths))
ERROR - 2026-09-30 06:45:22 --> mysqli_sql_exception: Not unique table/alias: 'users' in C:\xampp\htdocs\maldinci\system\Database\MySQLi\Connection.php:327
Stack trace:
#0 C:\xampp\htdocs\maldinci\system\Database\MySQLi\Connection.php(327): mysqli->query('SELECT `peminja...', 0)
#1 C:\xampp\htdocs\maldinci\system\Database\BaseConnection.php(729): CodeIgniter\Database\MySQLi\Connection->execute('SELECT `peminja...')
#2 C:\xampp\htdocs\maldinci\system\Database\BaseConnection.php(646): CodeIgniter\Database\BaseConnection->simpleQuery('SELECT `peminja...')
#3 C:\xampp\htdocs\maldinci\system\Database\BaseBuilder.php(1649): CodeIgniter\Database\BaseConnection->query('SELECT `peminja...', Array, false)
#4 C:\xampp\htdocs\maldinci\app\Controllers\Peminjaman.php(38): CodeIgniter\Database\BaseBuilder->get()
#5 C:\xampp\htdocs\maldinci\system\CodeIgniter.php(933): App\Controllers\Peminjaman->index()
#6 C:\xampp\htdocs\maldinci\system\CodeIgniter.php(507): CodeIgniter\CodeIgniter->runController(Object(App\Controllers\Peminjaman))
#7 C:\xampp\htdocs\maldinci\system\CodeIgniter.php(354): CodeIgniter\CodeIgniter->handleRequest(NULL, Object(Config\Cache), false)
#8 C:\xampp\htdocs\maldinci\system\Boot.php(363): CodeIgniter\CodeIgniter->run()
#9 C:\xampp\htdocs\maldinci\system\Boot.php(68): CodeIgniter\Boot::runCodeIgniter(Object(CodeIgniter\CodeIgniter))
#10 C:\xampp\htdocs\maldinci\index.php(59): CodeIgniter\Boot::bootWeb(Object(Config\Paths))
#11 {main}
CRITICAL - 2026-09-30 06:45:22 --> CodeIgniter\Database\Exceptions\DatabaseException: Not unique table/alias: 'users'
[Method: GET, Route: peminjaman]
in SYSTEMPATH\Database\BaseConnection.php on line 684.
 1 SYSTEMPATH\Database\BaseBuilder.php(1649): CodeIgniter\Database\BaseConnection->query('SELECT `peminjaman`.*, `buku`.`judul`, `users`.`nama` as `nama_anggota`, `users`.`nama` as `nama_petugas`
FROM `peminjaman`
LEFT JOIN `buku` ON `buku`.`id_buku` = `peminjaman`.`id_buku`
LEFT JOIN `users` ON `users`.`id` = `peminjaman`.`id_anggota`
LEFT JOIN `users` ON `users`.`id` = `peminjaman`.`id_petugas`', [], false)
 2 APPPATH\Controllers\Peminjaman.php(38): CodeIgniter\Database\BaseBuilder->get()
 3 SYSTEMPATH\CodeIgniter.php(933): App\Controllers\Peminjaman->index()
 4 SYSTEMPATH\CodeIgniter.php(507): CodeIgniter\CodeIgniter->runController(Object(App\Controllers\Peminjaman))
 5 SYSTEMPATH\CodeIgniter.php(354): CodeIgniter\CodeIgniter->handleRequest(null, Object(Config\Cache), false)
 6 SYSTEMPATH\Boot.php(363): CodeIgniter\CodeIgniter->run()
 7 SYSTEMPATH\Boot.php(68): CodeIgniter\Boot::runCodeIgniter(Object(CodeIgniter\CodeIgniter))
 8 FCPATH\index.php(59): CodeIgniter\Boot::bootWeb(Object(Config\Paths))
CRITICAL - 2026-09-30 06:45:22 --> [Caused by] CodeIgniter\Database\Exceptions\DatabaseException: Not unique table/alias: 'users'
in SYSTEMPATH\Database\MySQLi\Connection.php on line 332.
 1 SYSTEMPATH\Database\BaseConnection.php(729): CodeIgniter\Database\MySQLi\Connection->execute('SELECT `peminjaman`.*, `buku`.`judul`, `users`.`nama` as `nama_anggota`, `users`.`nama` as `nama_petugas`
FROM `peminjaman`
LEFT JOIN `buku` ON `buku`.`id_buku` = `peminjaman`.`id_buku`
LEFT JOIN `users` ON `users`.`id` = `peminjaman`.`id_anggota`
LEFT JOIN `users` ON `users`.`id` = `peminjaman`.`id_petugas`')
 2 SYSTEMPATH\Database\BaseConnection.php(646): CodeIgniter\Database\BaseConnection->simpleQuery('SELECT `peminjaman`.*, `buku`.`judul`, `users`.`nama` as `nama_anggota`, `users`.`nama` as `nama_petugas`
FROM `peminjaman`
LEFT JOIN `buku` ON `buku`.`id_buku` = `peminjaman`.`id_buku`
LEFT JOIN `users` ON `users`.`id` = `peminjaman`.`id_anggota`
LEFT JOIN `users` ON `users`.`id` = `peminjaman`.`id_petugas`')
 3 SYSTEMPATH\Database\BaseBuilder.php(1649): CodeIgniter\Database\BaseConnection->query('SELECT `peminjaman`.*, `buku`.`judul`, `users`.`nama` as `nama_anggota`, `users`.`nama` as `nama_petugas`
FROM `peminjaman`
LEFT JOIN `buku` ON `buku`.`id_buku` = `peminjaman`.`id_buku`
LEFT JOIN `users` ON `users`.`id` = `peminjaman`.`id_anggota`
LEFT JOIN `users` ON `users`.`id` = `peminjaman`.`id_petugas`', [], false)
 4 APPPATH\Controllers\Peminjaman.php(38): CodeIgniter\Database\BaseBuilder->get()
 5 SYSTEMPATH\CodeIgniter.php(933): App\Controllers\Peminjaman->index()
 6 SYSTEMPATH\CodeIgniter.php(507): CodeIgniter\CodeIgniter->runController(Object(App\Controllers\Peminjaman))
 7 SYSTEMPATH\CodeIgniter.php(354): CodeIgniter\CodeIgniter->handleRequest(null, Object(Config\Cache), false)
 8 SYSTEMPATH\Boot.php(363): CodeIgniter\CodeIgniter->run()
 9 SYSTEMPATH\Boot.php(68): CodeIgniter\Boot::runCodeIgniter(Object(CodeIgniter\CodeIgniter))
10 FCPATH\index.php(59): CodeIgniter\Boot::bootWeb(Object(Config\Paths))
CRITICAL - 2026-09-30 06:45:22 --> [Caused by] mysqli_sql_exception: Not unique table/alias: 'users'
in SYSTEMPATH\Database\MySQLi\Connection.php on line 327.
 1 SYSTEMPATH\Database\MySQLi\Connection.php(327): mysqli->query('SELECT `peminjaman`.*, `buku`.`judul`, `users`.`nama` as `nama_anggota`, `users`.`nama` as `nama_petugas`
FROM `peminjaman`
LEFT JOIN `buku` ON `buku`.`id_buku` = `peminjaman`.`id_buku`
LEFT JOIN `users` ON `users`.`id` = `peminjaman`.`id_anggota`
LEFT JOIN `users` ON `users`.`id` = `peminjaman`.`id_petugas`', 0)
 2 SYSTEMPATH\Database\BaseConnection.php(729): CodeIgniter\Database\MySQLi\Connection->execute('SELECT `peminjaman`.*, `buku`.`judul`, `users`.`nama` as `nama_anggota`, `users`.`nama` as `nama_petugas`
FROM `peminjaman`
LEFT JOIN `buku` ON `buku`.`id_buku` = `peminjaman`.`id_buku`
LEFT JOIN `users` ON `users`.`id` = `peminjaman`.`id_anggota`
LEFT JOIN `users` ON `users`.`id` = `peminjaman`.`id_petugas`')
 3 SYSTEMPATH\Database\BaseConnection.php(646): CodeIgniter\Database\BaseConnection->simpleQuery('SELECT `peminjaman`.*, `buku`.`judul`, `users`.`nama` as `nama_anggota`, `users`.`nama` as `nama_petugas`
FROM `peminjaman`
LEFT JOIN `buku` ON `buku`.`id_buku` = `peminjaman`.`id_buku`
LEFT JOIN `users` ON `users`.`id` = `peminjaman`.`id_anggota`
LEFT JOIN `users` ON `users`.`id` = `peminjaman`.`id_petugas`')
 4 SYSTEMPATH\Database\BaseBuilder.php(1649): CodeIgniter\Database\BaseConnection->query('SELECT `peminjaman`.*, `buku`.`judul`, `users`.`nama` as `nama_anggota`, `users`.`nama` as `nama_petugas`
FROM `peminjaman`
LEFT JOIN `buku` ON `buku`.`id_buku` = `peminjaman`.`id_buku`
LEFT JOIN `users` ON `users`.`id` = `peminjaman`.`id_anggota`
LEFT JOIN `users` ON `users`.`id` = `peminjaman`.`id_petugas`', [], false)
 5 APPPATH\Controllers\Peminjaman.php(38): CodeIgniter\Database\BaseBuilder->get()
 6 SYSTEMPATH\CodeIgniter.php(933): App\Controllers\Peminjaman->index()
 7 SYSTEMPATH\CodeIgniter.php(507): CodeIgniter\CodeIgniter->runController(Object(App\Controllers\Peminjaman))
 8 SYSTEMPATH\CodeIgniter.php(354): CodeIgniter\CodeIgniter->handleRequest(null, Object(Config\Cache), false)
 9 SYSTEMPATH\Boot.php(363): CodeIgniter\CodeIgniter->run()
10 SYSTEMPATH\Boot.php(68): CodeIgniter\Boot::runCodeIgniter(Object(CodeIgniter\CodeIgniter))
11 FCPATH\index.php(59): CodeIgniter\Boot::bootWeb(Object(Config\Paths))
ERROR - 2026-09-30 06:47:44 --> mysqli_sql_exception: Not unique table/alias: 'users' in C:\xampp\htdocs\maldinci\system\Database\MySQLi\Connection.php:327
Stack trace:
#0 C:\xampp\htdocs\maldinci\system\Database\MySQLi\Connection.php(327): mysqli->query('SELECT `peminja...', 0)
#1 C:\xampp\htdocs\maldinci\system\Database\BaseConnection.php(729): CodeIgniter\Database\MySQLi\Connection->execute('SELECT `peminja...')
#2 C:\xampp\htdocs\maldinci\system\Database\BaseConnection.php(646): CodeIgniter\Database\BaseConnection->simpleQuery('SELECT `peminja...')
#3 C:\xampp\htdocs\maldinci\system\Database\BaseBuilder.php(1649): CodeIgniter\Database\BaseConnection->query('SELECT `peminja...', Array, false)
#4 C:\xampp\htdocs\maldinci\app\Controllers\Peminjaman.php(38): CodeIgniter\Database\BaseBuilder->get()
#5 C:\xampp\htdocs\maldinci\system\CodeIgniter.php(933): App\Controllers\Peminjaman->index()
#6 C:\xampp\htdocs\maldinci\system\CodeIgniter.php(507): CodeIgniter\CodeIgniter->runController(Object(App\Controllers\Peminjaman))
#7 C:\xampp\htdocs\maldinci\system\CodeIgniter.php(354): CodeIgniter\CodeIgniter->handleRequest(NULL, Object(Config\Cache), false)
#8 C:\xampp\htdocs\maldinci\system\Boot.php(363): CodeIgniter\CodeIgniter->run()
#9 C:\xampp\htdocs\maldinci\system\Boot.php(68): CodeIgniter\Boot::runCodeIgniter(Object(CodeIgniter\CodeIgniter))
#10 C:\xampp\htdocs\maldinci\index.php(59): CodeIgniter\Boot::bootWeb(Object(Config\Paths))
#11 {main}
CRITICAL - 2026-09-30 06:47:44 --> CodeIgniter\Database\Exceptions\DatabaseException: Not unique table/alias: 'users'
[Method: GET, Route: peminjaman]
in SYSTEMPATH\Database\BaseConnection.php on line 684.
 1 SYSTEMPATH\Database\BaseBuilder.php(1649): CodeIgniter\Database\BaseConnection->query('SELECT `peminjaman`.*, `buku`.`judul`, `users`.`nama` as `nama_anggota`, `users`.`nama` as `nama_petugas`
FROM `peminjaman`
LEFT JOIN `buku` ON `buku`.`id_buku` = `peminjaman`.`id_buku`
LEFT JOIN `users` ON `users`.`id` = `peminjaman`.`id_anggota`
LEFT JOIN `users` ON `users`.`id` = `peminjaman`.`id_petugas`', [], false)
 2 APPPATH\Controllers\Peminjaman.php(38): CodeIgniter\Database\BaseBuilder->get()
 3 SYSTEMPATH\CodeIgniter.php(933): App\Controllers\Peminjaman->index()
 4 SYSTEMPATH\CodeIgniter.php(507): CodeIgniter\CodeIgniter->runController(Object(App\Controllers\Peminjaman))
 5 SYSTEMPATH\CodeIgniter.php(354): CodeIgniter\CodeIgniter->handleRequest(null, Object(Config\Cache), false)
 6 SYSTEMPATH\Boot.php(363): CodeIgniter\CodeIgniter->run()
 7 SYSTEMPATH\Boot.php(68): CodeIgniter\Boot::runCodeIgniter(Object(CodeIgniter\CodeIgniter))
 8 FCPATH\index.php(59): CodeIgniter\Boot::bootWeb(Object(Config\Paths))
CRITICAL - 2026-09-30 06:47:44 --> [Caused by] CodeIgniter\Database\Exceptions\DatabaseException: Not unique table/alias: 'users'
in SYSTEMPATH\Database\MySQLi\Connection.php on line 332.
 1 SYSTEMPATH\Database\BaseConnection.php(729): CodeIgniter\Database\MySQLi\Connection->execute('SELECT `peminjaman`.*, `buku`.`judul`, `users`.`nama` as `nama_anggota`, `users`.`nama` as `nama_petugas`
FROM `peminjaman`
LEFT JOIN `buku` ON `buku`.`id_buku` = `peminjaman`.`id_buku`
LEFT JOIN `users` ON `users`.`id` = `peminjaman`.`id_anggota`
LEFT JOIN `users` ON `users`.`id` = `peminjaman`.`id_petugas`')
 2 SYSTEMPATH\Database\BaseConnection.php(646): CodeIgniter\Database\BaseConnection->simpleQuery('SELECT `peminjaman`.*, `buku`.`judul`, `users`.`nama` as `nama_anggota`, `users`.`nama` as `nama_petugas`
FROM `peminjaman`
LEFT JOIN `buku` ON `buku`.`id_buku` = `peminjaman`.`id_buku`
LEFT JOIN `users` ON `users`.`id` = `peminjaman`.`id_anggota`
LEFT JOIN `users` ON `users`.`id` = `peminjaman`.`id_petugas`')
 3 SYSTEMPATH\Database\BaseBuilder.php(1649): CodeIgniter\Database\BaseConnection->query('SELECT `peminjaman`.*, `buku`.`judul`, `users`.`nama` as `nama_anggota`, `users`.`nama` as `nama_petugas`
FROM `peminjaman`
LEFT JOIN `buku` ON `buku`.`id_buku` = `peminjaman`.`id_buku`
LEFT JOIN `users` ON `users`.`id` = `peminjaman`.`id_anggota`
LEFT JOIN `users` ON `users`.`id` = `peminjaman`.`id_petugas`', [], false)
 4 APPPATH\Controllers\Peminjaman.php(38): CodeIgniter\Database\BaseBuilder->get()
 5 SYSTEMPATH\CodeIgniter.php(933): App\Controllers\Peminjaman->index()
 6 SYSTEMPATH\CodeIgniter.php(507): CodeIgniter\CodeIgniter->runController(Object(App\Controllers\Peminjaman))
 7 SYSTEMPATH\CodeIgniter.php(354): CodeIgniter\CodeIgniter->handleRequest(null, Object(Config\Cache), false)
 8 SYSTEMPATH\Boot.php(363): CodeIgniter\CodeIgniter->run()
 9 SYSTEMPATH\Boot.php(68): CodeIgniter\Boot::runCodeIgniter(Object(CodeIgniter\CodeIgniter))
10 FCPATH\index.php(59): CodeIgniter\Boot::bootWeb(Object(Config\Paths))
CRITICAL - 2026-09-30 06:47:44 --> [Caused by] mysqli_sql_exception: Not unique table/alias: 'users'
in SYSTEMPATH\Database\MySQLi\Connection.php on line 327.
 1 SYSTEMPATH\Database\MySQLi\Connection.php(327): mysqli->query('SELECT `peminjaman`.*, `buku`.`judul`, `users`.`nama` as `nama_anggota`, `users`.`nama` as `nama_petugas`
FROM `peminjaman`
LEFT JOIN `buku` ON `buku`.`id_buku` = `peminjaman`.`id_buku`
LEFT JOIN `users` ON `users`.`id` = `peminjaman`.`id_anggota`
LEFT JOIN `users` ON `users`.`id` = `peminjaman`.`id_petugas`', 0)
 2 SYSTEMPATH\Database\BaseConnection.php(729): CodeIgniter\Database\MySQLi\Connection->execute('SELECT `peminjaman`.*, `buku`.`judul`, `users`.`nama` as `nama_anggota`, `users`.`nama` as `nama_petugas`
FROM `peminjaman`
LEFT JOIN `buku` ON `buku`.`id_buku` = `peminjaman`.`id_buku`
LEFT JOIN `users` ON `users`.`id` = `peminjaman`.`id_anggota`
LEFT JOIN `users` ON `users`.`id` = `peminjaman`.`id_petugas`')
 3 SYSTEMPATH\Database\BaseConnection.php(646): CodeIgniter\Database\BaseConnection->simpleQuery('SELECT `peminjaman`.*, `buku`.`judul`, `users`.`nama` as `nama_anggota`, `users`.`nama` as `nama_petugas`
FROM `peminjaman`
LEFT JOIN `buku` ON `buku`.`id_buku` = `peminjaman`.`id_buku`
LEFT JOIN `users` ON `users`.`id` = `peminjaman`.`id_anggota`
LEFT JOIN `users` ON `users`.`id` = `peminjaman`.`id_petugas`')
 4 SYSTEMPATH\Database\BaseBuilder.php(1649): CodeIgniter\Database\BaseConnection->query('SELECT `peminjaman`.*, `buku`.`judul`, `users`.`nama` as `nama_anggota`, `users`.`nama` as `nama_petugas`
FROM `peminjaman`
LEFT JOIN `buku` ON `buku`.`id_buku` = `peminjaman`.`id_buku`
LEFT JOIN `users` ON `users`.`id` = `peminjaman`.`id_anggota`
LEFT JOIN `users` ON `users`.`id` = `peminjaman`.`id_petugas`', [], false)
 5 APPPATH\Controllers\Peminjaman.php(38): CodeIgniter\Database\BaseBuilder->get()
 6 SYSTEMPATH\CodeIgniter.php(933): App\Controllers\Peminjaman->index()
 7 SYSTEMPATH\CodeIgniter.php(507): CodeIgniter\CodeIgniter->runController(Object(App\Controllers\Peminjaman))
 8 SYSTEMPATH\CodeIgniter.php(354): CodeIgniter\CodeIgniter->handleRequest(null, Object(Config\Cache), false)
 9 SYSTEMPATH\Boot.php(363): CodeIgniter\CodeIgniter->run()
10 SYSTEMPATH\Boot.php(68): CodeIgniter\Boot::runCodeIgniter(Object(CodeIgniter\CodeIgniter))
11 FCPATH\index.php(59): CodeIgniter\Boot::bootWeb(Object(Config\Paths))
ERROR - 2026-09-30 06:50:37 --> mysqli_sql_exception: Not unique table/alias: 'users' in C:\xampp\htdocs\maldinci\system\Database\MySQLi\Connection.php:327
Stack trace:
#0 C:\xampp\htdocs\maldinci\system\Database\MySQLi\Connection.php(327): mysqli->query('SELECT `peminja...', 0)
#1 C:\xampp\htdocs\maldinci\system\Database\BaseConnection.php(729): CodeIgniter\Database\MySQLi\Connection->execute('SELECT `peminja...')
#2 C:\xampp\htdocs\maldinci\system\Database\BaseConnection.php(646): CodeIgniter\Database\BaseConnection->simpleQuery('SELECT `peminja...')
#3 C:\xampp\htdocs\maldinci\system\Database\BaseBuilder.php(1649): CodeIgniter\Database\BaseConnection->query('SELECT `peminja...', Array, false)
#4 C:\xampp\htdocs\maldinci\app\Controllers\Peminjaman.php(37): CodeIgniter\Database\BaseBuilder->get()
#5 C:\xampp\htdocs\maldinci\system\CodeIgniter.php(933): App\Controllers\Peminjaman->index()
#6 C:\xampp\htdocs\maldinci\system\CodeIgniter.php(507): CodeIgniter\CodeIgniter->runController(Object(App\Controllers\Peminjaman))
#7 C:\xampp\htdocs\maldinci\system\CodeIgniter.php(354): CodeIgniter\CodeIgniter->handleRequest(NULL, Object(Config\Cache), false)
#8 C:\xampp\htdocs\maldinci\system\Boot.php(363): CodeIgniter\CodeIgniter->run()
#9 C:\xampp\htdocs\maldinci\system\Boot.php(68): CodeIgniter\Boot::runCodeIgniter(Object(CodeIgniter\CodeIgniter))
#10 C:\xampp\htdocs\maldinci\index.php(59): CodeIgniter\Boot::bootWeb(Object(Config\Paths))
#11 {main}
CRITICAL - 2026-09-30 06:50:37 --> CodeIgniter\Database\Exceptions\DatabaseException: Not unique table/alias: 'users'
[Method: GET, Route: peminjaman]
in SYSTEMPATH\Database\BaseConnection.php on line 684.
 1 SYSTEMPATH\Database\BaseBuilder.php(1649): CodeIgniter\Database\BaseConnection->query('SELECT `peminjaman`.*, `buku`.`judul`, `users`.`nama` as `nama_anggota`, `users`.`nama` as `nama_petugas`
FROM `peminjaman`
LEFT JOIN `buku` ON `buku`.`id_buku` = `peminjaman`.`id_buku`
LEFT JOIN `users` ON `users`.`id` = `peminjaman`.`id_anggota`
LEFT JOIN `users` ON `users`.`id` = `peminjaman`.`id_petugas`', [], false)
 2 APPPATH\Controllers\Peminjaman.php(37): CodeIgniter\Database\BaseBuilder->get()
 3 SYSTEMPATH\CodeIgniter.php(933): App\Controllers\Peminjaman->index()
 4 SYSTEMPATH\CodeIgniter.php(507): CodeIgniter\CodeIgniter->runController(Object(App\Controllers\Peminjaman))
 5 SYSTEMPATH\CodeIgniter.php(354): CodeIgniter\CodeIgniter->handleRequest(null, Object(Config\Cache), false)
 6 SYSTEMPATH\Boot.php(363): CodeIgniter\CodeIgniter->run()
 7 SYSTEMPATH\Boot.php(68): CodeIgniter\Boot::runCodeIgniter(Object(CodeIgniter\CodeIgniter))
 8 FCPATH\index.php(59): CodeIgniter\Boot::bootWeb(Object(Config\Paths))
CRITICAL - 2026-09-30 06:50:37 --> [Caused by] CodeIgniter\Database\Exceptions\DatabaseException: Not unique table/alias: 'users'
in SYSTEMPATH\Database\MySQLi\Connection.php on line 332.
 1 SYSTEMPATH\Database\BaseConnection.php(729): CodeIgniter\Database\MySQLi\Connection->execute('SELECT `peminjaman`.*, `buku`.`judul`, `users`.`nama` as `nama_anggota`, `users`.`nama` as `nama_petugas`
FROM `peminjaman`
LEFT JOIN `buku` ON `buku`.`id_buku` = `peminjaman`.`id_buku`
LEFT JOIN `users` ON `users`.`id` = `peminjaman`.`id_anggota`
LEFT JOIN `users` ON `users`.`id` = `peminjaman`.`id_petugas`')
 2 SYSTEMPATH\Database\BaseConnection.php(646): CodeIgniter\Database\BaseConnection->simpleQuery('SELECT `peminjaman`.*, `buku`.`judul`, `users`.`nama` as `nama_anggota`, `users`.`nama` as `nama_petugas`
FROM `peminjaman`
LEFT JOIN `buku` ON `buku`.`id_buku` = `peminjaman`.`id_buku`
LEFT JOIN `users` ON `users`.`id` = `peminjaman`.`id_anggota`
LEFT JOIN `users` ON `users`.`id` = `peminjaman`.`id_petugas`')
 3 SYSTEMPATH\Database\BaseBuilder.php(1649): CodeIgniter\Database\BaseConnection->query('SELECT `peminjaman`.*, `buku`.`judul`, `users`.`nama` as `nama_anggota`, `users`.`nama` as `nama_petugas`
FROM `peminjaman`
LEFT JOIN `buku` ON `buku`.`id_buku` = `peminjaman`.`id_buku`
LEFT JOIN `users` ON `users`.`id` = `peminjaman`.`id_anggota`
LEFT JOIN `users` ON `users`.`id` = `peminjaman`.`id_petugas`', [], false)
 4 APPPATH\Controllers\Peminjaman.php(37): CodeIgniter\Database\BaseBuilder->get()
 5 SYSTEMPATH\CodeIgniter.php(933): App\Controllers\Peminjaman->index()
 6 SYSTEMPATH\CodeIgniter.php(507): CodeIgniter\CodeIgniter->runController(Object(App\Controllers\Peminjaman))
 7 SYSTEMPATH\CodeIgniter.php(354): CodeIgniter\CodeIgniter->handleRequest(null, Object(Config\Cache), false)
 8 SYSTEMPATH\Boot.php(363): CodeIgniter\CodeIgniter->run()
 9 SYSTEMPATH\Boot.php(68): CodeIgniter\Boot::runCodeIgniter(Object(CodeIgniter\CodeIgniter))
10 FCPATH\index.php(59): CodeIgniter\Boot::bootWeb(Object(Config\Paths))
CRITICAL - 2026-09-30 06:50:37 --> [Caused by] mysqli_sql_exception: Not unique table/alias: 'users'
in SYSTEMPATH\Database\MySQLi\Connection.php on line 327.
 1 SYSTEMPATH\Database\MySQLi\Connection.php(327): mysqli->query('SELECT `peminjaman`.*, `buku`.`judul`, `users`.`nama` as `nama_anggota`, `users`.`nama` as `nama_petugas`
FROM `peminjaman`
LEFT JOIN `buku` ON `buku`.`id_buku` = `peminjaman`.`id_buku`
LEFT JOIN `users` ON `users`.`id` = `peminjaman`.`id_anggota`
LEFT JOIN `users` ON `users`.`id` = `peminjaman`.`id_petugas`', 0)
 2 SYSTEMPATH\Database\BaseConnection.php(729): CodeIgniter\Database\MySQLi\Connection->execute('SELECT `peminjaman`.*, `buku`.`judul`, `users`.`nama` as `nama_anggota`, `users`.`nama` as `nama_petugas`
FROM `peminjaman`
LEFT JOIN `buku` ON `buku`.`id_buku` = `peminjaman`.`id_buku`
LEFT JOIN `users` ON `users`.`id` = `peminjaman`.`id_anggota`
LEFT JOIN `users` ON `users`.`id` = `peminjaman`.`id_petugas`')
 3 SYSTEMPATH\Database\BaseConnection.php(646): CodeIgniter\Database\BaseConnection->simpleQuery('SELECT `peminjaman`.*, `buku`.`judul`, `users`.`nama` as `nama_anggota`, `users`.`nama` as `nama_petugas`
FROM `peminjaman`
LEFT JOIN `buku` ON `buku`.`id_buku` = `peminjaman`.`id_buku`
LEFT JOIN `users` ON `users`.`id` = `peminjaman`.`id_anggota`
LEFT JOIN `users` ON `users`.`id` = `peminjaman`.`id_petugas`')
 4 SYSTEMPATH\Database\BaseBuilder.php(1649): CodeIgniter\Database\BaseConnection->query('SELECT `peminjaman`.*, `buku`.`judul`, `users`.`nama` as `nama_anggota`, `users`.`nama` as `nama_petugas`
FROM `peminjaman`
LEFT JOIN `buku` ON `buku`.`id_buku` = `peminjaman`.`id_buku`
LEFT JOIN `users` ON `users`.`id` = `peminjaman`.`id_anggota`
LEFT JOIN `users` ON `users`.`id` = `peminjaman`.`id_petugas`', [], false)
 5 APPPATH\Controllers\Peminjaman.php(37): CodeIgniter\Database\BaseBuilder->get()
 6 SYSTEMPATH\CodeIgniter.php(933): App\Controllers\Peminjaman->index()
 7 SYSTEMPATH\CodeIgniter.php(507): CodeIgniter\CodeIgniter->runController(Object(App\Controllers\Peminjaman))
 8 SYSTEMPATH\CodeIgniter.php(354): CodeIgniter\CodeIgniter->handleRequest(null, Object(Config\Cache), false)
 9 SYSTEMPATH\Boot.php(363): CodeIgniter\CodeIgniter->run()
10 SYSTEMPATH\Boot.php(68): CodeIgniter\Boot::runCodeIgniter(Object(CodeIgniter\CodeIgniter))
11 FCPATH\index.php(59): CodeIgniter\Boot::bootWeb(Object(Config\Paths))
DEBUG - 2026-09-30 06:51:03 --> Session: Class initialized using 'CodeIgniter\Session\Handlers\FileHandler' driver.
CRITICAL - 2026-09-30 06:52:10 --> ErrorException: Undefined array key "nama_anggota"
[Method: GET, Route: peminjaman]
in APPPATH\Views\peminjaman\index.php on line 28.
 1 APPPATH\Views\peminjaman\index.php(28): CodeIgniter\Debug\Exceptions->errorHandler(2, 'Undefined array key "nama_anggota"', 'C:\\xampp\\htdocs\\maldinci\\app\\Views\\peminjaman\\index.php', 28)
 2 SYSTEMPATH\View\View.php(226): include('C:\\xampp\\htdocs\\maldinci\\app\\Views\\peminjaman\\index.php')
 3 SYSTEMPATH\View\View.php(229): CodeIgniter\View\View->CodeIgniter\View\{closure}()
 4 SYSTEMPATH\Common.php(1167): CodeIgniter\View\View->render('peminjaman/index', [], true)
 5 APPPATH\Controllers\Peminjaman.php(35): view('peminjaman/index', [...])
 6 SYSTEMPATH\CodeIgniter.php(933): App\Controllers\Peminjaman->index()
 7 SYSTEMPATH\CodeIgniter.php(507): CodeIgniter\CodeIgniter->runController(Object(App\Controllers\Peminjaman))
 8 SYSTEMPATH\CodeIgniter.php(354): CodeIgniter\CodeIgniter->handleRequest(null, Object(Config\Cache), false)
 9 SYSTEMPATH\Boot.php(363): CodeIgniter\CodeIgniter->run()
10 SYSTEMPATH\Boot.php(68): CodeIgniter\Boot::runCodeIgniter(Object(CodeIgniter\CodeIgniter))
11 FCPATH\index.php(59): CodeIgniter\Boot::bootWeb(Object(Config\Paths))
ERROR - 2026-09-30 06:52:45 --> mysqli_sql_exception: Not unique table/alias: 'users' in C:\xampp\htdocs\maldinci\system\Database\MySQLi\Connection.php:327
Stack trace:
#0 C:\xampp\htdocs\maldinci\system\Database\MySQLi\Connection.php(327): mysqli->query('SELECT `peminja...', 0)
#1 C:\xampp\htdocs\maldinci\system\Database\BaseConnection.php(729): CodeIgniter\Database\MySQLi\Connection->execute('SELECT `peminja...')
#2 C:\xampp\htdocs\maldinci\system\Database\BaseConnection.php(646): CodeIgniter\Database\BaseConnection->simpleQuery('SELECT `peminja...')
#3 C:\xampp\htdocs\maldinci\system\Database\BaseBuilder.php(1649): CodeIgniter\Database\BaseConnection->query('SELECT `peminja...', Array, false)
#4 C:\xampp\htdocs\maldinci\app\Controllers\Peminjaman.php(37): CodeIgniter\Database\BaseBuilder->get()
#5 C:\xampp\htdocs\maldinci\system\CodeIgniter.php(933): App\Controllers\Peminjaman->index()
#6 C:\xampp\htdocs\maldinci\system\CodeIgniter.php(507): CodeIgniter\CodeIgniter->runController(Object(App\Controllers\Peminjaman))
#7 C:\xampp\htdocs\maldinci\system\CodeIgniter.php(354): CodeIgniter\CodeIgniter->handleRequest(NULL, Object(Config\Cache), false)
#8 C:\xampp\htdocs\maldinci\system\Boot.php(363): CodeIgniter\CodeIgniter->run()
#9 C:\xampp\htdocs\maldinci\system\Boot.php(68): CodeIgniter\Boot::runCodeIgniter(Object(CodeIgniter\CodeIgniter))
#10 C:\xampp\htdocs\maldinci\index.php(59): CodeIgniter\Boot::bootWeb(Object(Config\Paths))
#11 {main}
CRITICAL - 2026-09-30 06:52:45 --> CodeIgniter\Database\Exceptions\DatabaseException: Not unique table/alias: 'users'
[Method: GET, Route: peminjaman]
in SYSTEMPATH\Database\BaseConnection.php on line 684.
 1 SYSTEMPATH\Database\BaseBuilder.php(1649): CodeIgniter\Database\BaseConnection->query('SELECT `peminjaman`.*, `buku`.`judul`
FROM `peminjaman`
LEFT JOIN `buku` ON `buku`.`id_buku` = `peminjaman`.`id_buku`
LEFT JOIN `users` ON `users`.`id` = `peminjaman`.`id_anggota`
LEFT JOIN `users` ON `users`.`id` = `peminjaman`.`id_petugas`', [], false)
 2 APPPATH\Controllers\Peminjaman.php(37): CodeIgniter\Database\BaseBuilder->get()
 3 SYSTEMPATH\CodeIgniter.php(933): App\Controllers\Peminjaman->index()
 4 SYSTEMPATH\CodeIgniter.php(507): CodeIgniter\CodeIgniter->runController(Object(App\Controllers\Peminjaman))
 5 SYSTEMPATH\CodeIgniter.php(354): CodeIgniter\CodeIgniter->handleRequest(null, Object(Config\Cache), false)
 6 SYSTEMPATH\Boot.php(363): CodeIgniter\CodeIgniter->run()
 7 SYSTEMPATH\Boot.php(68): CodeIgniter\Boot::runCodeIgniter(Object(CodeIgniter\CodeIgniter))
 8 FCPATH\index.php(59): CodeIgniter\Boot::bootWeb(Object(Config\Paths))
CRITICAL - 2026-09-30 06:52:45 --> [Caused by] CodeIgniter\Database\Exceptions\DatabaseException: Not unique table/alias: 'users'
in SYSTEMPATH\Database\MySQLi\Connection.php on line 332.
 1 SYSTEMPATH\Database\BaseConnection.php(729): CodeIgniter\Database\MySQLi\Connection->execute('SELECT `peminjaman`.*, `buku`.`judul`
FROM `peminjaman`
LEFT JOIN `buku` ON `buku`.`id_buku` = `peminjaman`.`id_buku`
LEFT JOIN `users` ON `users`.`id` = `peminjaman`.`id_anggota`
LEFT JOIN `users` ON `users`.`id` = `peminjaman`.`id_petugas`')
 2 SYSTEMPATH\Database\BaseConnection.php(646): CodeIgniter\Database\BaseConnection->simpleQuery('SELECT `peminjaman`.*, `buku`.`judul`
FROM `peminjaman`
LEFT JOIN `buku` ON `buku`.`id_buku` = `peminjaman`.`id_buku`
LEFT JOIN `users` ON `users`.`id` = `peminjaman`.`id_anggota`
LEFT JOIN `users` ON `users`.`id` = `peminjaman`.`id_petugas`')
 3 SYSTEMPATH\Database\BaseBuilder.php(1649): CodeIgniter\Database\BaseConnection->query('SELECT `peminjaman`.*, `buku`.`judul`
FROM `peminjaman`
LEFT JOIN `buku` ON `buku`.`id_buku` = `peminjaman`.`id_buku`
LEFT JOIN `users` ON `users`.`id` = `peminjaman`.`id_anggota`
LEFT JOIN `users` ON `users`.`id` = `peminjaman`.`id_petugas`', [], false)
 4 APPPATH\Controllers\Peminjaman.php(37): CodeIgniter\Database\BaseBuilder->get()
 5 SYSTEMPATH\CodeIgniter.php(933): App\Controllers\Peminjaman->index()
 6 SYSTEMPATH\CodeIgniter.php(507): CodeIgniter\CodeIgniter->runController(Object(App\Controllers\Peminjaman))
 7 SYSTEMPATH\CodeIgniter.php(354): CodeIgniter\CodeIgniter->handleRequest(null, Object(Config\Cache), false)
 8 SYSTEMPATH\Boot.php(363): CodeIgniter\CodeIgniter->run()
 9 SYSTEMPATH\Boot.php(68): CodeIgniter\Boot::runCodeIgniter(Object(CodeIgniter\CodeIgniter))
10 FCPATH\index.php(59): CodeIgniter\Boot::bootWeb(Object(Config\Paths))
CRITICAL - 2026-09-30 06:52:45 --> [Caused by] mysqli_sql_exception: Not unique table/alias: 'users'
in SYSTEMPATH\Database\MySQLi\Connection.php on line 327.
 1 SYSTEMPATH\Database\MySQLi\Connection.php(327): mysqli->query('SELECT `peminjaman`.*, `buku`.`judul`
FROM `peminjaman`
LEFT JOIN `buku` ON `buku`.`id_buku` = `peminjaman`.`id_buku`
LEFT JOIN `users` ON `users`.`id` = `peminjaman`.`id_anggota`
LEFT JOIN `users` ON `users`.`id` = `peminjaman`.`id_petugas`', 0)
 2 SYSTEMPATH\Database\BaseConnection.php(729): CodeIgniter\Database\MySQLi\Connection->execute('SELECT `peminjaman`.*, `buku`.`judul`
FROM `peminjaman`
LEFT JOIN `buku` ON `buku`.`id_buku` = `peminjaman`.`id_buku`
LEFT JOIN `users` ON `users`.`id` = `peminjaman`.`id_anggota`
LEFT JOIN `users` ON `users`.`id` = `peminjaman`.`id_petugas`')
 3 SYSTEMPATH\Database\BaseConnection.php(646): CodeIgniter\Database\BaseConnection->simpleQuery('SELECT `peminjaman`.*, `buku`.`judul`
FROM `peminjaman`
LEFT JOIN `buku` ON `buku`.`id_buku` = `peminjaman`.`id_buku`
LEFT JOIN `users` ON `users`.`id` = `peminjaman`.`id_anggota`
LEFT JOIN `users` ON `users`.`id` = `peminjaman`.`id_petugas`')
 4 SYSTEMPATH\Database\BaseBuilder.php(1649): CodeIgniter\Database\BaseConnection->query('SELECT `peminjaman`.*, `buku`.`judul`
FROM `peminjaman`
LEFT JOIN `buku` ON `buku`.`id_buku` = `peminjaman`.`id_buku`
LEFT JOIN `users` ON `users`.`id` = `peminjaman`.`id_anggota`
LEFT JOIN `users` ON `users`.`id` = `peminjaman`.`id_petugas`', [], false)
 5 APPPATH\Controllers\Peminjaman.php(37): CodeIgniter\Database\BaseBuilder->get()
 6 SYSTEMPATH\CodeIgniter.php(933): App\Controllers\Peminjaman->index()
 7 SYSTEMPATH\CodeIgniter.php(507): CodeIgniter\CodeIgniter->runController(Object(App\Controllers\Peminjaman))
 8 SYSTEMPATH\CodeIgniter.php(354): CodeIgniter\CodeIgniter->handleRequest(null, Object(Config\Cache), false)
 9 SYSTEMPATH\Boot.php(363): CodeIgniter\CodeIgniter->run()
10 SYSTEMPATH\Boot.php(68): CodeIgniter\Boot::runCodeIgniter(Object(CodeIgniter\CodeIgniter))
11 FCPATH\index.php(59): CodeIgniter\Boot::bootWeb(Object(Config\Paths))
ERROR - 2026-09-30 06:54:11 --> mysqli_sql_exception: Not unique table/alias: 'users' in C:\xampp\htdocs\maldinci\system\Database\MySQLi\Connection.php:327
Stack trace:
#0 C:\xampp\htdocs\maldinci\system\Database\MySQLi\Connection.php(327): mysqli->query('SELECT `peminja...', 0)
#1 C:\xampp\htdocs\maldinci\system\Database\BaseConnection.php(729): CodeIgniter\Database\MySQLi\Connection->execute('SELECT `peminja...')
#2 C:\xampp\htdocs\maldinci\system\Database\BaseConnection.php(646): CodeIgniter\Database\BaseConnection->simpleQuery('SELECT `peminja...')
#3 C:\xampp\htdocs\maldinci\system\Database\BaseBuilder.php(1649): CodeIgniter\Database\BaseConnection->query('SELECT `peminja...', Array, false)
#4 C:\xampp\htdocs\maldinci\app\Controllers\Peminjaman.php(37): CodeIgniter\Database\BaseBuilder->get()
#5 C:\xampp\htdocs\maldinci\system\CodeIgniter.php(933): App\Controllers\Peminjaman->index()
#6 C:\xampp\htdocs\maldinci\system\CodeIgniter.php(507): CodeIgniter\CodeIgniter->runController(Object(App\Controllers\Peminjaman))
#7 C:\xampp\htdocs\maldinci\system\CodeIgniter.php(354): CodeIgniter\CodeIgniter->handleRequest(NULL, Object(Config\Cache), false)
#8 C:\xampp\htdocs\maldinci\system\Boot.php(363): CodeIgniter\CodeIgniter->run()
#9 C:\xampp\htdocs\maldinci\system\Boot.php(68): CodeIgniter\Boot::runCodeIgniter(Object(CodeIgniter\CodeIgniter))
#10 C:\xampp\htdocs\maldinci\index.php(59): CodeIgniter\Boot::bootWeb(Object(Config\Paths))
#11 {main}
CRITICAL - 2026-09-30 06:54:11 --> CodeIgniter\Database\Exceptions\DatabaseException: Not unique table/alias: 'users'
[Method: GET, Route: peminjaman]
in SYSTEMPATH\Database\BaseConnection.php on line 684.
 1 SYSTEMPATH\Database\BaseBuilder.php(1649): CodeIgniter\Database\BaseConnection->query('SELECT `peminjaman`.*, `buku`.`judul`, `users`.`nama` as `nama_anggota`, `users`.`nama` as `nama_petugas`
FROM `peminjaman`
LEFT JOIN `buku` ON `buku`.`id_buku` = `peminjaman`.`id_buku`
LEFT JOIN `users` ON `users`.`id` = `peminjaman`.`id_anggota`
LEFT JOIN `users` ON `users`.`id` = `peminjaman`.`id_petugas`', [], false)
 2 APPPATH\Controllers\Peminjaman.php(37): CodeIgniter\Database\BaseBuilder->get()
 3 SYSTEMPATH\CodeIgniter.php(933): App\Controllers\Peminjaman->index()
 4 SYSTEMPATH\CodeIgniter.php(507): CodeIgniter\CodeIgniter->runController(Object(App\Controllers\Peminjaman))
 5 SYSTEMPATH\CodeIgniter.php(354): CodeIgniter\CodeIgniter->handleRequest(null, Object(Config\Cache), false)
 6 SYSTEMPATH\Boot.php(363): CodeIgniter\CodeIgniter->run()
 7 SYSTEMPATH\Boot.php(68): CodeIgniter\Boot::runCodeIgniter(Object(CodeIgniter\CodeIgniter))
 8 FCPATH\index.php(59): CodeIgniter\Boot::bootWeb(Object(Config\Paths))
CRITICAL - 2026-09-30 06:54:11 --> [Caused by] CodeIgniter\Database\Exceptions\DatabaseException: Not unique table/alias: 'users'
in SYSTEMPATH\Database\MySQLi\Connection.php on line 332.
 1 SYSTEMPATH\Database\BaseConnection.php(729): CodeIgniter\Database\MySQLi\Connection->execute('SELECT `peminjaman`.*, `buku`.`judul`, `users`.`nama` as `nama_anggota`, `users`.`nama` as `nama_petugas`
FROM `peminjaman`
LEFT JOIN `buku` ON `buku`.`id_buku` = `peminjaman`.`id_buku`
LEFT JOIN `users` ON `users`.`id` = `peminjaman`.`id_anggota`
LEFT JOIN `users` ON `users`.`id` = `peminjaman`.`id_petugas`')
 2 SYSTEMPATH\Database\BaseConnection.php(646): CodeIgniter\Database\BaseConnection->simpleQuery('SELECT `peminjaman`.*, `buku`.`judul`, `users`.`nama` as `nama_anggota`, `users`.`nama` as `nama_petugas`
FROM `peminjaman`
LEFT JOIN `buku` ON `buku`.`id_buku` = `peminjaman`.`id_buku`
LEFT JOIN `users` ON `users`.`id` = `peminjaman`.`id_anggota`
LEFT JOIN `users` ON `users`.`id` = `peminjaman`.`id_petugas`')
 3 SYSTEMPATH\Database\BaseBuilder.php(1649): CodeIgniter\Database\BaseConnection->query('SELECT `peminjaman`.*, `buku`.`judul`, `users`.`nama` as `nama_anggota`, `users`.`nama` as `nama_petugas`
FROM `peminjaman`
LEFT JOIN `buku` ON `buku`.`id_buku` = `peminjaman`.`id_buku`
LEFT JOIN `users` ON `users`.`id` = `peminjaman`.`id_anggota`
LEFT JOIN `users` ON `users`.`id` = `peminjaman`.`id_petugas`', [], false)
 4 APPPATH\Controllers\Peminjaman.php(37): CodeIgniter\Database\BaseBuilder->get()
 5 SYSTEMPATH\CodeIgniter.php(933): App\Controllers\Peminjaman->index()
 6 SYSTEMPATH\CodeIgniter.php(507): CodeIgniter\CodeIgniter->runController(Object(App\Controllers\Peminjaman))
 7 SYSTEMPATH\CodeIgniter.php(354): CodeIgniter\CodeIgniter->handleRequest(null, Object(Config\Cache), false)
 8 SYSTEMPATH\Boot.php(363): CodeIgniter\CodeIgniter->run()
 9 SYSTEMPATH\Boot.php(68): CodeIgniter\Boot::runCodeIgniter(Object(CodeIgniter\CodeIgniter))
10 FCPATH\index.php(59): CodeIgniter\Boot::bootWeb(Object(Config\Paths))
CRITICAL - 2026-09-30 06:54:11 --> [Caused by] mysqli_sql_exception: Not unique table/alias: 'users'
in SYSTEMPATH\Database\MySQLi\Connection.php on line 327.
 1 SYSTEMPATH\Database\MySQLi\Connection.php(327): mysqli->query('SELECT `peminjaman`.*, `buku`.`judul`, `users`.`nama` as `nama_anggota`, `users`.`nama` as `nama_petugas`
FROM `peminjaman`
LEFT JOIN `buku` ON `buku`.`id_buku` = `peminjaman`.`id_buku`
LEFT JOIN `users` ON `users`.`id` = `peminjaman`.`id_anggota`
LEFT JOIN `users` ON `users`.`id` = `peminjaman`.`id_petugas`', 0)
 2 SYSTEMPATH\Database\BaseConnection.php(729): CodeIgniter\Database\MySQLi\Connection->execute('SELECT `peminjaman`.*, `buku`.`judul`, `users`.`nama` as `nama_anggota`, `users`.`nama` as `nama_petugas`
FROM `peminjaman`
LEFT JOIN `buku` ON `buku`.`id_buku` = `peminjaman`.`id_buku`
LEFT JOIN `users` ON `users`.`id` = `peminjaman`.`id_anggota`
LEFT JOIN `users` ON `users`.`id` = `peminjaman`.`id_petugas`')
 3 SYSTEMPATH\Database\BaseConnection.php(646): CodeIgniter\Database\BaseConnection->simpleQuery('SELECT `peminjaman`.*, `buku`.`judul`, `users`.`nama` as `nama_anggota`, `users`.`nama` as `nama_petugas`
FROM `peminjaman`
LEFT JOIN `buku` ON `buku`.`id_buku` = `peminjaman`.`id_buku`
LEFT JOIN `users` ON `users`.`id` = `peminjaman`.`id_anggota`
LEFT JOIN `users` ON `users`.`id` = `peminjaman`.`id_petugas`')
 4 SYSTEMPATH\Database\BaseBuilder.php(1649): CodeIgniter\Database\BaseConnection->query('SELECT `peminjaman`.*, `buku`.`judul`, `users`.`nama` as `nama_anggota`, `users`.`nama` as `nama_petugas`
FROM `peminjaman`
LEFT JOIN `buku` ON `buku`.`id_buku` = `peminjaman`.`id_buku`
LEFT JOIN `users` ON `users`.`id` = `peminjaman`.`id_anggota`
LEFT JOIN `users` ON `users`.`id` = `peminjaman`.`id_petugas`', [], false)
 5 APPPATH\Controllers\Peminjaman.php(37): CodeIgniter\Database\BaseBuilder->get()
 6 SYSTEMPATH\CodeIgniter.php(933): App\Controllers\Peminjaman->index()
 7 SYSTEMPATH\CodeIgniter.php(507): CodeIgniter\CodeIgniter->runController(Object(App\Controllers\Peminjaman))
 8 SYSTEMPATH\CodeIgniter.php(354): CodeIgniter\CodeIgniter->handleRequest(null, Object(Config\Cache), false)
 9 SYSTEMPATH\Boot.php(363): CodeIgniter\CodeIgniter->run()
10 SYSTEMPATH\Boot.php(68): CodeIgniter\Boot::runCodeIgniter(Object(CodeIgniter\CodeIgniter))
11 FCPATH\index.php(59): CodeIgniter\Boot::bootWeb(Object(Config\Paths))
ERROR - 2026-09-30 06:55:04 --> mysqli_sql_exception: Not unique table/alias: 'users' in C:\xampp\htdocs\maldinci\system\Database\MySQLi\Connection.php:327
Stack trace:
#0 C:\xampp\htdocs\maldinci\system\Database\MySQLi\Connection.php(327): mysqli->query('SELECT `peminja...', 0)
#1 C:\xampp\htdocs\maldinci\system\Database\BaseConnection.php(729): CodeIgniter\Database\MySQLi\Connection->execute('SELECT `peminja...')
#2 C:\xampp\htdocs\maldinci\system\Database\BaseConnection.php(646): CodeIgniter\Database\BaseConnection->simpleQuery('SELECT `peminja...')
#3 C:\xampp\htdocs\maldinci\system\Database\BaseBuilder.php(1649): CodeIgniter\Database\BaseConnection->query('SELECT `peminja...', Array, false)
#4 C:\xampp\htdocs\maldinci\app\Controllers\Peminjaman.php(36): CodeIgniter\Database\BaseBuilder->get()
#5 C:\xampp\htdocs\maldinci\system\CodeIgniter.php(933): App\Controllers\Peminjaman->index()
#6 C:\xampp\htdocs\maldinci\system\CodeIgniter.php(507): CodeIgniter\CodeIgniter->runController(Object(App\Controllers\Peminjaman))
#7 C:\xampp\htdocs\maldinci\system\CodeIgniter.php(354): CodeIgniter\CodeIgniter->handleRequest(NULL, Object(Config\Cache), false)
#8 C:\xampp\htdocs\maldinci\system\Boot.php(363): CodeIgniter\CodeIgniter->run()
#9 C:\xampp\htdocs\maldinci\system\Boot.php(68): CodeIgniter\Boot::runCodeIgniter(Object(CodeIgniter\CodeIgniter))
#10 C:\xampp\htdocs\maldinci\index.php(59): CodeIgniter\Boot::bootWeb(Object(Config\Paths))
#11 {main}
CRITICAL - 2026-09-30 06:55:04 --> CodeIgniter\Database\Exceptions\DatabaseException: Not unique table/alias: 'users'
[Method: GET, Route: peminjaman]
in SYSTEMPATH\Database\BaseConnection.php on line 684.
 1 SYSTEMPATH\Database\BaseBuilder.php(1649): CodeIgniter\Database\BaseConnection->query('SELECT `peminjaman`.*, `buku`.`judul`, `users`.`nama`
FROM `peminjaman`
LEFT JOIN `buku` ON `buku`.`id_buku` = `peminjaman`.`id_buku`
LEFT JOIN `users` ON `users`.`id` = `peminjaman`.`id_anggota`
LEFT JOIN `users` ON `users`.`id` = `peminjaman`.`id_petugas`', [], false)
 2 APPPATH\Controllers\Peminjaman.php(36): CodeIgniter\Database\BaseBuilder->get()
 3 SYSTEMPATH\CodeIgniter.php(933): App\Controllers\Peminjaman->index()
 4 SYSTEMPATH\CodeIgniter.php(507): CodeIgniter\CodeIgniter->runController(Object(App\Controllers\Peminjaman))
 5 SYSTEMPATH\CodeIgniter.php(354): CodeIgniter\CodeIgniter->handleRequest(null, Object(Config\Cache), false)
 6 SYSTEMPATH\Boot.php(363): CodeIgniter\CodeIgniter->run()
 7 SYSTEMPATH\Boot.php(68): CodeIgniter\Boot::runCodeIgniter(Object(CodeIgniter\CodeIgniter))
 8 FCPATH\index.php(59): CodeIgniter\Boot::bootWeb(Object(Config\Paths))
CRITICAL - 2026-09-30 06:55:04 --> [Caused by] CodeIgniter\Database\Exceptions\DatabaseException: Not unique table/alias: 'users'
in SYSTEMPATH\Database\MySQLi\Connection.php on line 332.
 1 SYSTEMPATH\Database\BaseConnection.php(729): CodeIgniter\Database\MySQLi\Connection->execute('SELECT `peminjaman`.*, `buku`.`judul`, `users`.`nama`
FROM `peminjaman`
LEFT JOIN `buku` ON `buku`.`id_buku` = `peminjaman`.`id_buku`
LEFT JOIN `users` ON `users`.`id` = `peminjaman`.`id_anggota`
LEFT JOIN `users` ON `users`.`id` = `peminjaman`.`id_petugas`')
 2 SYSTEMPATH\Database\BaseConnection.php(646): CodeIgniter\Database\BaseConnection->simpleQuery('SELECT `peminjaman`.*, `buku`.`judul`, `users`.`nama`
FROM `peminjaman`
LEFT JOIN `buku` ON `buku`.`id_buku` = `peminjaman`.`id_buku`
LEFT JOIN `users` ON `users`.`id` = `peminjaman`.`id_anggota`
LEFT JOIN `users` ON `users`.`id` = `peminjaman`.`id_petugas`')
 3 SYSTEMPATH\Database\BaseBuilder.php(1649): CodeIgniter\Database\BaseConnection->query('SELECT `peminjaman`.*, `buku`.`judul`, `users`.`nama`
FROM `peminjaman`
LEFT JOIN `buku` ON `buku`.`id_buku` = `peminjaman`.`id_buku`
LEFT JOIN `users` ON `users`.`id` = `peminjaman`.`id_anggota`
LEFT JOIN `users` ON `users`.`id` = `peminjaman`.`id_petugas`', [], false)
 4 APPPATH\Controllers\Peminjaman.php(36): CodeIgniter\Database\BaseBuilder->get()
 5 SYSTEMPATH\CodeIgniter.php(933): App\Controllers\Peminjaman->index()
 6 SYSTEMPATH\CodeIgniter.php(507): CodeIgniter\CodeIgniter->runController(Object(App\Controllers\Peminjaman))
 7 SYSTEMPATH\CodeIgniter.php(354): CodeIgniter\CodeIgniter->handleRequest(null, Object(Config\Cache), false)
 8 SYSTEMPATH\Boot.php(363): CodeIgniter\CodeIgniter->run()
 9 SYSTEMPATH\Boot.php(68): CodeIgniter\Boot::runCodeIgniter(Object(CodeIgniter\CodeIgniter))
10 FCPATH\index.php(59): CodeIgniter\Boot::bootWeb(Object(Config\Paths))
CRITICAL - 2026-09-30 06:55:04 --> [Caused by] mysqli_sql_exception: Not unique table/alias: 'users'
in SYSTEMPATH\Database\MySQLi\Connection.php on line 327.
 1 SYSTEMPATH\Database\MySQLi\Connection.php(327): mysqli->query('SELECT `peminjaman`.*, `buku`.`judul`, `users`.`nama`
FROM `peminjaman`
LEFT JOIN `buku` ON `buku`.`id_buku` = `peminjaman`.`id_buku`
LEFT JOIN `users` ON `users`.`id` = `peminjaman`.`id_anggota`
LEFT JOIN `users` ON `users`.`id` = `peminjaman`.`id_petugas`', 0)
 2 SYSTEMPATH\Database\BaseConnection.php(729): CodeIgniter\Database\MySQLi\Connection->execute('SELECT `peminjaman`.*, `buku`.`judul`, `users`.`nama`
FROM `peminjaman`
LEFT JOIN `buku` ON `buku`.`id_buku` = `peminjaman`.`id_buku`
LEFT JOIN `users` ON `users`.`id` = `peminjaman`.`id_anggota`
LEFT JOIN `users` ON `users`.`id` = `peminjaman`.`id_petugas`')
 3 SYSTEMPATH\Database\BaseConnection.php(646): CodeIgniter\Database\BaseConnection->simpleQuery('SELECT `peminjaman`.*, `buku`.`judul`, `users`.`nama`
FROM `peminjaman`
LEFT JOIN `buku` ON `buku`.`id_buku` = `peminjaman`.`id_buku`
LEFT JOIN `users` ON `users`.`id` = `peminjaman`.`id_anggota`
LEFT JOIN `users` ON `users`.`id` = `peminjaman`.`id_petugas`')
 4 SYSTEMPATH\Database\BaseBuilder.php(1649): CodeIgniter\Database\BaseConnection->query('SELECT `peminjaman`.*, `buku`.`judul`, `users`.`nama`
FROM `peminjaman`
LEFT JOIN `buku` ON `buku`.`id_buku` = `peminjaman`.`id_buku`
LEFT JOIN `users` ON `users`.`id` = `peminjaman`.`id_anggota`
LEFT JOIN `users` ON `users`.`id` = `peminjaman`.`id_petugas`', [], false)
 5 APPPATH\Controllers\Peminjaman.php(36): CodeIgniter\Database\BaseBuilder->get()
 6 SYSTEMPATH\CodeIgniter.php(933): App\Controllers\Peminjaman->index()
 7 SYSTEMPATH\CodeIgniter.php(507): CodeIgniter\CodeIgniter->runController(Object(App\Controllers\Peminjaman))
 8 SYSTEMPATH\CodeIgniter.php(354): CodeIgniter\CodeIgniter->handleRequest(null, Object(Config\Cache), false)
 9 SYSTEMPATH\Boot.php(363): CodeIgniter\CodeIgniter->run()
10 SYSTEMPATH\Boot.php(68): CodeIgniter\Boot::runCodeIgniter(Object(CodeIgniter\CodeIgniter))
11 FCPATH\index.php(59): CodeIgniter\Boot::bootWeb(Object(Config\Paths))
ERROR - 2026-09-30 06:55:05 --> mysqli_sql_exception: Not unique table/alias: 'users' in C:\xampp\htdocs\maldinci\system\Database\MySQLi\Connection.php:327
Stack trace:
#0 C:\xampp\htdocs\maldinci\system\Database\MySQLi\Connection.php(327): mysqli->query('SELECT `peminja...', 0)
#1 C:\xampp\htdocs\maldinci\system\Database\BaseConnection.php(729): CodeIgniter\Database\MySQLi\Connection->execute('SELECT `peminja...')
#2 C:\xampp\htdocs\maldinci\system\Database\BaseConnection.php(646): CodeIgniter\Database\BaseConnection->simpleQuery('SELECT `peminja...')
#3 C:\xampp\htdocs\maldinci\system\Database\BaseBuilder.php(1649): CodeIgniter\Database\BaseConnection->query('SELECT `peminja...', Array, false)
#4 C:\xampp\htdocs\maldinci\app\Controllers\Peminjaman.php(36): CodeIgniter\Database\BaseBuilder->get()
#5 C:\xampp\htdocs\maldinci\system\CodeIgniter.php(933): App\Controllers\Peminjaman->index()
#6 C:\xampp\htdocs\maldinci\system\CodeIgniter.php(507): CodeIgniter\CodeIgniter->runController(Object(App\Controllers\Peminjaman))
#7 C:\xampp\htdocs\maldinci\system\CodeIgniter.php(354): CodeIgniter\CodeIgniter->handleRequest(NULL, Object(Config\Cache), false)
#8 C:\xampp\htdocs\maldinci\system\Boot.php(363): CodeIgniter\CodeIgniter->run()
#9 C:\xampp\htdocs\maldinci\system\Boot.php(68): CodeIgniter\Boot::runCodeIgniter(Object(CodeIgniter\CodeIgniter))
#10 C:\xampp\htdocs\maldinci\index.php(59): CodeIgniter\Boot::bootWeb(Object(Config\Paths))
#11 {main}
CRITICAL - 2026-09-30 06:55:05 --> CodeIgniter\Database\Exceptions\DatabaseException: Not unique table/alias: 'users'
[Method: GET, Route: peminjaman]
in SYSTEMPATH\Database\BaseConnection.php on line 684.
 1 SYSTEMPATH\Database\BaseBuilder.php(1649): CodeIgniter\Database\BaseConnection->query('SELECT `peminjaman`.*, `buku`.`judul`, `users`.`nama`
FROM `peminjaman`
LEFT JOIN `buku` ON `buku`.`id_buku` = `peminjaman`.`id_buku`
LEFT JOIN `users` ON `users`.`id` = `peminjaman`.`id_anggota`
LEFT JOIN `users` ON `users`.`id` = `peminjaman`.`id_petugas`', [], false)
 2 APPPATH\Controllers\Peminjaman.php(36): CodeIgniter\Database\BaseBuilder->get()
 3 SYSTEMPATH\CodeIgniter.php(933): App\Controllers\Peminjaman->index()
 4 SYSTEMPATH\CodeIgniter.php(507): CodeIgniter\CodeIgniter->runController(Object(App\Controllers\Peminjaman))
 5 SYSTEMPATH\CodeIgniter.php(354): CodeIgniter\CodeIgniter->handleRequest(null, Object(Config\Cache), false)
 6 SYSTEMPATH\Boot.php(363): CodeIgniter\CodeIgniter->run()
 7 SYSTEMPATH\Boot.php(68): CodeIgniter\Boot::runCodeIgniter(Object(CodeIgniter\CodeIgniter))
 8 FCPATH\index.php(59): CodeIgniter\Boot::bootWeb(Object(Config\Paths))
CRITICAL - 2026-09-30 06:55:05 --> [Caused by] CodeIgniter\Database\Exceptions\DatabaseException: Not unique table/alias: 'users'
in SYSTEMPATH\Database\MySQLi\Connection.php on line 332.
 1 SYSTEMPATH\Database\BaseConnection.php(729): CodeIgniter\Database\MySQLi\Connection->execute('SELECT `peminjaman`.*, `buku`.`judul`, `users`.`nama`
FROM `peminjaman`
LEFT JOIN `buku` ON `buku`.`id_buku` = `peminjaman`.`id_buku`
LEFT JOIN `users` ON `users`.`id` = `peminjaman`.`id_anggota`
LEFT JOIN `users` ON `users`.`id` = `peminjaman`.`id_petugas`')
 2 SYSTEMPATH\Database\BaseConnection.php(646): CodeIgniter\Database\BaseConnection->simpleQuery('SELECT `peminjaman`.*, `buku`.`judul`, `users`.`nama`
FROM `peminjaman`
LEFT JOIN `buku` ON `buku`.`id_buku` = `peminjaman`.`id_buku`
LEFT JOIN `users` ON `users`.`id` = `peminjaman`.`id_anggota`
LEFT JOIN `users` ON `users`.`id` = `peminjaman`.`id_petugas`')
 3 SYSTEMPATH\Database\BaseBuilder.php(1649): CodeIgniter\Database\BaseConnection->query('SELECT `peminjaman`.*, `buku`.`judul`, `users`.`nama`
FROM `peminjaman`
LEFT JOIN `buku` ON `buku`.`id_buku` = `peminjaman`.`id_buku`
LEFT JOIN `users` ON `users`.`id` = `peminjaman`.`id_anggota`
LEFT JOIN `users` ON `users`.`id` = `peminjaman`.`id_petugas`', [], false)
 4 APPPATH\Controllers\Peminjaman.php(36): CodeIgniter\Database\BaseBuilder->get()
 5 SYSTEMPATH\CodeIgniter.php(933): App\Controllers\Peminjaman->index()
 6 SYSTEMPATH\CodeIgniter.php(507): CodeIgniter\CodeIgniter->runController(Object(App\Controllers\Peminjaman))
 7 SYSTEMPATH\CodeIgniter.php(354): CodeIgniter\CodeIgniter->handleRequest(null, Object(Config\Cache), false)
 8 SYSTEMPATH\Boot.php(363): CodeIgniter\CodeIgniter->run()
 9 SYSTEMPATH\Boot.php(68): CodeIgniter\Boot::runCodeIgniter(Object(CodeIgniter\CodeIgniter))
10 FCPATH\index.php(59): CodeIgniter\Boot::bootWeb(Object(Config\Paths))
CRITICAL - 2026-09-30 06:55:05 --> [Caused by] mysqli_sql_exception: Not unique table/alias: 'users'
in SYSTEMPATH\Database\MySQLi\Connection.php on line 327.
 1 SYSTEMPATH\Database\MySQLi\Connection.php(327): mysqli->query('SELECT `peminjaman`.*, `buku`.`judul`, `users`.`nama`
FROM `peminjaman`
LEFT JOIN `buku` ON `buku`.`id_buku` = `peminjaman`.`id_buku`
LEFT JOIN `users` ON `users`.`id` = `peminjaman`.`id_anggota`
LEFT JOIN `users` ON `users`.`id` = `peminjaman`.`id_petugas`', 0)
 2 SYSTEMPATH\Database\BaseConnection.php(729): CodeIgniter\Database\MySQLi\Connection->execute('SELECT `peminjaman`.*, `buku`.`judul`, `users`.`nama`
FROM `peminjaman`
LEFT JOIN `buku` ON `buku`.`id_buku` = `peminjaman`.`id_buku`
LEFT JOIN `users` ON `users`.`id` = `peminjaman`.`id_anggota`
LEFT JOIN `users` ON `users`.`id` = `peminjaman`.`id_petugas`')
 3 SYSTEMPATH\Database\BaseConnection.php(646): CodeIgniter\Database\BaseConnection->simpleQuery('SELECT `peminjaman`.*, `buku`.`judul`, `users`.`nama`
FROM `peminjaman`
LEFT JOIN `buku` ON `buku`.`id_buku` = `peminjaman`.`id_buku`
LEFT JOIN `users` ON `users`.`id` = `peminjaman`.`id_anggota`
LEFT JOIN `users` ON `users`.`id` = `peminjaman`.`id_petugas`')
 4 SYSTEMPATH\Database\BaseBuilder.php(1649): CodeIgniter\Database\BaseConnection->query('SELECT `peminjaman`.*, `buku`.`judul`, `users`.`nama`
FROM `peminjaman`
LEFT JOIN `buku` ON `buku`.`id_buku` = `peminjaman`.`id_buku`
LEFT JOIN `users` ON `users`.`id` = `peminjaman`.`id_anggota`
LEFT JOIN `users` ON `users`.`id` = `peminjaman`.`id_petugas`', [], false)
 5 APPPATH\Controllers\Peminjaman.php(36): CodeIgniter\Database\BaseBuilder->get()
 6 SYSTEMPATH\CodeIgniter.php(933): App\Controllers\Peminjaman->index()
 7 SYSTEMPATH\CodeIgniter.php(507): CodeIgniter\CodeIgniter->runController(Object(App\Controllers\Peminjaman))
 8 SYSTEMPATH\CodeIgniter.php(354): CodeIgniter\CodeIgniter->handleRequest(null, Object(Config\Cache), false)
 9 SYSTEMPATH\Boot.php(363): CodeIgniter\CodeIgniter->run()
10 SYSTEMPATH\Boot.php(68): CodeIgniter\Boot::runCodeIgniter(Object(CodeIgniter\CodeIgniter))
11 FCPATH\index.php(59): CodeIgniter\Boot::bootWeb(Object(Config\Paths))
ERROR - 2026-09-30 06:55:44 --> mysqli_sql_exception: Not unique table/alias: 'users' in C:\xampp\htdocs\maldinci\system\Database\MySQLi\Connection.php:327
Stack trace:
#0 C:\xampp\htdocs\maldinci\system\Database\MySQLi\Connection.php(327): mysqli->query('SELECT `peminja...', 0)
#1 C:\xampp\htdocs\maldinci\system\Database\BaseConnection.php(729): CodeIgniter\Database\MySQLi\Connection->execute('SELECT `peminja...')
#2 C:\xampp\htdocs\maldinci\system\Database\BaseConnection.php(646): CodeIgniter\Database\BaseConnection->simpleQuery('SELECT `peminja...')
#3 C:\xampp\htdocs\maldinci\system\Database\BaseBuilder.php(1649): CodeIgniter\Database\BaseConnection->query('SELECT `peminja...', Array, false)
#4 C:\xampp\htdocs\maldinci\app\Controllers\Peminjaman.php(37): CodeIgniter\Database\BaseBuilder->get()
#5 C:\xampp\htdocs\maldinci\system\CodeIgniter.php(933): App\Controllers\Peminjaman->index()
#6 C:\xampp\htdocs\maldinci\system\CodeIgniter.php(507): CodeIgniter\CodeIgniter->runController(Object(App\Controllers\Peminjaman))
#7 C:\xampp\htdocs\maldinci\system\CodeIgniter.php(354): CodeIgniter\CodeIgniter->handleRequest(NULL, Object(Config\Cache), false)
#8 C:\xampp\htdocs\maldinci\system\Boot.php(363): CodeIgniter\CodeIgniter->run()
#9 C:\xampp\htdocs\maldinci\system\Boot.php(68): CodeIgniter\Boot::runCodeIgniter(Object(CodeIgniter\CodeIgniter))
#10 C:\xampp\htdocs\maldinci\index.php(59): CodeIgniter\Boot::bootWeb(Object(Config\Paths))
#11 {main}
CRITICAL - 2026-09-30 06:55:44 --> CodeIgniter\Database\Exceptions\DatabaseException: Not unique table/alias: 'users'
[Method: GET, Route: peminjaman]
in SYSTEMPATH\Database\BaseConnection.php on line 684.
 1 SYSTEMPATH\Database\BaseBuilder.php(1649): CodeIgniter\Database\BaseConnection->query('SELECT `peminjaman`.*, `buku`.`judul`, `users`.`nama`
FROM `peminjaman`
LEFT JOIN `buku` ON `buku`.`id_buku` = `peminjaman`.`id_buku`
LEFT JOIN `users` ON `users`.`id` = `peminjaman`.`id_anggota`
LEFT JOIN `users` ON `users`.`id` = `peminjaman`.`id_petugas`', [], false)
 2 APPPATH\Controllers\Peminjaman.php(37): CodeIgniter\Database\BaseBuilder->get()
 3 SYSTEMPATH\CodeIgniter.php(933): App\Controllers\Peminjaman->index()
 4 SYSTEMPATH\CodeIgniter.php(507): CodeIgniter\CodeIgniter->runController(Object(App\Controllers\Peminjaman))
 5 SYSTEMPATH\CodeIgniter.php(354): CodeIgniter\CodeIgniter->handleRequest(null, Object(Config\Cache), false)
 6 SYSTEMPATH\Boot.php(363): CodeIgniter\CodeIgniter->run()
 7 SYSTEMPATH\Boot.php(68): CodeIgniter\Boot::runCodeIgniter(Object(CodeIgniter\CodeIgniter))
 8 FCPATH\index.php(59): CodeIgniter\Boot::bootWeb(Object(Config\Paths))
CRITICAL - 2026-09-30 06:55:44 --> [Caused by] CodeIgniter\Database\Exceptions\DatabaseException: Not unique table/alias: 'users'
in SYSTEMPATH\Database\MySQLi\Connection.php on line 332.
 1 SYSTEMPATH\Database\BaseConnection.php(729): CodeIgniter\Database\MySQLi\Connection->execute('SELECT `peminjaman`.*, `buku`.`judul`, `users`.`nama`
FROM `peminjaman`
LEFT JOIN `buku` ON `buku`.`id_buku` = `peminjaman`.`id_buku`
LEFT JOIN `users` ON `users`.`id` = `peminjaman`.`id_anggota`
LEFT JOIN `users` ON `users`.`id` = `peminjaman`.`id_petugas`')
 2 SYSTEMPATH\Database\BaseConnection.php(646): CodeIgniter\Database\BaseConnection->simpleQuery('SELECT `peminjaman`.*, `buku`.`judul`, `users`.`nama`
FROM `peminjaman`
LEFT JOIN `buku` ON `buku`.`id_buku` = `peminjaman`.`id_buku`
LEFT JOIN `users` ON `users`.`id` = `peminjaman`.`id_anggota`
LEFT JOIN `users` ON `users`.`id` = `peminjaman`.`id_petugas`')
 3 SYSTEMPATH\Database\BaseBuilder.php(1649): CodeIgniter\Database\BaseConnection->query('SELECT `peminjaman`.*, `buku`.`judul`, `users`.`nama`
FROM `peminjaman`
LEFT JOIN `buku` ON `buku`.`id_buku` = `peminjaman`.`id_buku`
LEFT JOIN `users` ON `users`.`id` = `peminjaman`.`id_anggota`
LEFT JOIN `users` ON `users`.`id` = `peminjaman`.`id_petugas`', [], false)
 4 APPPATH\Controllers\Peminjaman.php(37): CodeIgniter\Database\BaseBuilder->get()
 5 SYSTEMPATH\CodeIgniter.php(933): App\Controllers\Peminjaman->index()
 6 SYSTEMPATH\CodeIgniter.php(507): CodeIgniter\CodeIgniter->runController(Object(App\Controllers\Peminjaman))
 7 SYSTEMPATH\CodeIgniter.php(354): CodeIgniter\CodeIgniter->handleRequest(null, Object(Config\Cache), false)
 8 SYSTEMPATH\Boot.php(363): CodeIgniter\CodeIgniter->run()
 9 SYSTEMPATH\Boot.php(68): CodeIgniter\Boot::runCodeIgniter(Object(CodeIgniter\CodeIgniter))
10 FCPATH\index.php(59): CodeIgniter\Boot::bootWeb(Object(Config\Paths))
CRITICAL - 2026-09-30 06:55:44 --> [Caused by] mysqli_sql_exception: Not unique table/alias: 'users'
in SYSTEMPATH\Database\MySQLi\Connection.php on line 327.
 1 SYSTEMPATH\Database\MySQLi\Connection.php(327): mysqli->query('SELECT `peminjaman`.*, `buku`.`judul`, `users`.`nama`
FROM `peminjaman`
LEFT JOIN `buku` ON `buku`.`id_buku` = `peminjaman`.`id_buku`
LEFT JOIN `users` ON `users`.`id` = `peminjaman`.`id_anggota`
LEFT JOIN `users` ON `users`.`id` = `peminjaman`.`id_petugas`', 0)
 2 SYSTEMPATH\Database\BaseConnection.php(729): CodeIgniter\Database\MySQLi\Connection->execute('SELECT `peminjaman`.*, `buku`.`judul`, `users`.`nama`
FROM `peminjaman`
LEFT JOIN `buku` ON `buku`.`id_buku` = `peminjaman`.`id_buku`
LEFT JOIN `users` ON `users`.`id` = `peminjaman`.`id_anggota`
LEFT JOIN `users` ON `users`.`id` = `peminjaman`.`id_petugas`')
 3 SYSTEMPATH\Database\BaseConnection.php(646): CodeIgniter\Database\BaseConnection->simpleQuery('SELECT `peminjaman`.*, `buku`.`judul`, `users`.`nama`
FROM `peminjaman`
LEFT JOIN `buku` ON `buku`.`id_buku` = `peminjaman`.`id_buku`
LEFT JOIN `users` ON `users`.`id` = `peminjaman`.`id_anggota`
LEFT JOIN `users` ON `users`.`id` = `peminjaman`.`id_petugas`')
 4 SYSTEMPATH\Database\BaseBuilder.php(1649): CodeIgniter\Database\BaseConnection->query('SELECT `peminjaman`.*, `buku`.`judul`, `users`.`nama`
FROM `peminjaman`
LEFT JOIN `buku` ON `buku`.`id_buku` = `peminjaman`.`id_buku`
LEFT JOIN `users` ON `users`.`id` = `peminjaman`.`id_anggota`
LEFT JOIN `users` ON `users`.`id` = `peminjaman`.`id_petugas`', [], false)
 5 APPPATH\Controllers\Peminjaman.php(37): CodeIgniter\Database\BaseBuilder->get()
 6 SYSTEMPATH\CodeIgniter.php(933): App\Controllers\Peminjaman->index()
 7 SYSTEMPATH\CodeIgniter.php(507): CodeIgniter\CodeIgniter->runController(Object(App\Controllers\Peminjaman))
 8 SYSTEMPATH\CodeIgniter.php(354): CodeIgniter\CodeIgniter->handleRequest(null, Object(Config\Cache), false)
 9 SYSTEMPATH\Boot.php(363): CodeIgniter\CodeIgniter->run()
10 SYSTEMPATH\Boot.php(68): CodeIgniter\Boot::runCodeIgniter(Object(CodeIgniter\CodeIgniter))
11 FCPATH\index.php(59): CodeIgniter\Boot::bootWeb(Object(Config\Paths))
ERROR - 2026-09-30 06:55:45 --> mysqli_sql_exception: Not unique table/alias: 'users' in C:\xampp\htdocs\maldinci\system\Database\MySQLi\Connection.php:327
Stack trace:
#0 C:\xampp\htdocs\maldinci\system\Database\MySQLi\Connection.php(327): mysqli->query('SELECT `peminja...', 0)
#1 C:\xampp\htdocs\maldinci\system\Database\BaseConnection.php(729): CodeIgniter\Database\MySQLi\Connection->execute('SELECT `peminja...')
#2 C:\xampp\htdocs\maldinci\system\Database\BaseConnection.php(646): CodeIgniter\Database\BaseConnection->simpleQuery('SELECT `peminja...')
#3 C:\xampp\htdocs\maldinci\system\Database\BaseBuilder.php(1649): CodeIgniter\Database\BaseConnection->query('SELECT `peminja...', Array, false)
#4 C:\xampp\htdocs\maldinci\app\Controllers\Peminjaman.php(37): CodeIgniter\Database\BaseBuilder->get()
#5 C:\xampp\htdocs\maldinci\system\CodeIgniter.php(933): App\Controllers\Peminjaman->index()
#6 C:\xampp\htdocs\maldinci\system\CodeIgniter.php(507): CodeIgniter\CodeIgniter->runController(Object(App\Controllers\Peminjaman))
#7 C:\xampp\htdocs\maldinci\system\CodeIgniter.php(354): CodeIgniter\CodeIgniter->handleRequest(NULL, Object(Config\Cache), false)
#8 C:\xampp\htdocs\maldinci\system\Boot.php(363): CodeIgniter\CodeIgniter->run()
#9 C:\xampp\htdocs\maldinci\system\Boot.php(68): CodeIgniter\Boot::runCodeIgniter(Object(CodeIgniter\CodeIgniter))
#10 C:\xampp\htdocs\maldinci\index.php(59): CodeIgniter\Boot::bootWeb(Object(Config\Paths))
#11 {main}
CRITICAL - 2026-09-30 06:55:45 --> CodeIgniter\Database\Exceptions\DatabaseException: Not unique table/alias: 'users'
[Method: GET, Route: peminjaman]
in SYSTEMPATH\Database\BaseConnection.php on line 684.
 1 SYSTEMPATH\Database\BaseBuilder.php(1649): CodeIgniter\Database\BaseConnection->query('SELECT `peminjaman`.*, `buku`.`judul`, `users`.`nama`
FROM `peminjaman`
LEFT JOIN `buku` ON `buku`.`id_buku` = `peminjaman`.`id_buku`
LEFT JOIN `users` ON `users`.`id` = `peminjaman`.`id_anggota`
LEFT JOIN `users` ON `users`.`id` = `peminjaman`.`id_petugas`', [], false)
 2 APPPATH\Controllers\Peminjaman.php(37): CodeIgniter\Database\BaseBuilder->get()
 3 SYSTEMPATH\CodeIgniter.php(933): App\Controllers\Peminjaman->index()
 4 SYSTEMPATH\CodeIgniter.php(507): CodeIgniter\CodeIgniter->runController(Object(App\Controllers\Peminjaman))
 5 SYSTEMPATH\CodeIgniter.php(354): CodeIgniter\CodeIgniter->handleRequest(null, Object(Config\Cache), false)
 6 SYSTEMPATH\Boot.php(363): CodeIgniter\CodeIgniter->run()
 7 SYSTEMPATH\Boot.php(68): CodeIgniter\Boot::runCodeIgniter(Object(CodeIgniter\CodeIgniter))
 8 FCPATH\index.php(59): CodeIgniter\Boot::bootWeb(Object(Config\Paths))
CRITICAL - 2026-09-30 06:55:45 --> [Caused by] CodeIgniter\Database\Exceptions\DatabaseException: Not unique table/alias: 'users'
in SYSTEMPATH\Database\MySQLi\Connection.php on line 332.
 1 SYSTEMPATH\Database\BaseConnection.php(729): CodeIgniter\Database\MySQLi\Connection->execute('SELECT `peminjaman`.*, `buku`.`judul`, `users`.`nama`
FROM `peminjaman`
LEFT JOIN `buku` ON `buku`.`id_buku` = `peminjaman`.`id_buku`
LEFT JOIN `users` ON `users`.`id` = `peminjaman`.`id_anggota`
LEFT JOIN `users` ON `users`.`id` = `peminjaman`.`id_petugas`')
 2 SYSTEMPATH\Database\BaseConnection.php(646): CodeIgniter\Database\BaseConnection->simpleQuery('SELECT `peminjaman`.*, `buku`.`judul`, `users`.`nama`
FROM `peminjaman`
LEFT JOIN `buku` ON `buku`.`id_buku` = `peminjaman`.`id_buku`
LEFT JOIN `users` ON `users`.`id` = `peminjaman`.`id_anggota`
LEFT JOIN `users` ON `users`.`id` = `peminjaman`.`id_petugas`')
 3 SYSTEMPATH\Database\BaseBuilder.php(1649): CodeIgniter\Database\BaseConnection->query('SELECT `peminjaman`.*, `buku`.`judul`, `users`.`nama`
FROM `peminjaman`
LEFT JOIN `buku` ON `buku`.`id_buku` = `peminjaman`.`id_buku`
LEFT JOIN `users` ON `users`.`id` = `peminjaman`.`id_anggota`
LEFT JOIN `users` ON `users`.`id` = `peminjaman`.`id_petugas`', [], false)
 4 APPPATH\Controllers\Peminjaman.php(37): CodeIgniter\Database\BaseBuilder->get()
 5 SYSTEMPATH\CodeIgniter.php(933): App\Controllers\Peminjaman->index()
 6 SYSTEMPATH\CodeIgniter.php(507): CodeIgniter\CodeIgniter->runController(Object(App\Controllers\Peminjaman))
 7 SYSTEMPATH\CodeIgniter.php(354): CodeIgniter\CodeIgniter->handleRequest(null, Object(Config\Cache), false)
 8 SYSTEMPATH\Boot.php(363): CodeIgniter\CodeIgniter->run()
 9 SYSTEMPATH\Boot.php(68): CodeIgniter\Boot::runCodeIgniter(Object(CodeIgniter\CodeIgniter))
10 FCPATH\index.php(59): CodeIgniter\Boot::bootWeb(Object(Config\Paths))
CRITICAL - 2026-09-30 06:55:45 --> [Caused by] mysqli_sql_exception: Not unique table/alias: 'users'
in SYSTEMPATH\Database\MySQLi\Connection.php on line 327.
 1 SYSTEMPATH\Database\MySQLi\Connection.php(327): mysqli->query('SELECT `peminjaman`.*, `buku`.`judul`, `users`.`nama`
FROM `peminjaman`
LEFT JOIN `buku` ON `buku`.`id_buku` = `peminjaman`.`id_buku`
LEFT JOIN `users` ON `users`.`id` = `peminjaman`.`id_anggota`
LEFT JOIN `users` ON `users`.`id` = `peminjaman`.`id_petugas`', 0)
 2 SYSTEMPATH\Database\BaseConnection.php(729): CodeIgniter\Database\MySQLi\Connection->execute('SELECT `peminjaman`.*, `buku`.`judul`, `users`.`nama`
FROM `peminjaman`
LEFT JOIN `buku` ON `buku`.`id_buku` = `peminjaman`.`id_buku`
LEFT JOIN `users` ON `users`.`id` = `peminjaman`.`id_anggota`
LEFT JOIN `users` ON `users`.`id` = `peminjaman`.`id_petugas`')
 3 SYSTEMPATH\Database\BaseConnection.php(646): CodeIgniter\Database\BaseConnection->simpleQuery('SELECT `peminjaman`.*, `buku`.`judul`, `users`.`nama`
FROM `peminjaman`
LEFT JOIN `buku` ON `buku`.`id_buku` = `peminjaman`.`id_buku`
LEFT JOIN `users` ON `users`.`id` = `peminjaman`.`id_anggota`
LEFT JOIN `users` ON `users`.`id` = `peminjaman`.`id_petugas`')
 4 SYSTEMPATH\Database\BaseBuilder.php(1649): CodeIgniter\Database\BaseConnection->query('SELECT `peminjaman`.*, `buku`.`judul`, `users`.`nama`
FROM `peminjaman`
LEFT JOIN `buku` ON `buku`.`id_buku` = `peminjaman`.`id_buku`
LEFT JOIN `users` ON `users`.`id` = `peminjaman`.`id_anggota`
LEFT JOIN `users` ON `users`.`id` = `peminjaman`.`id_petugas`', [], false)
 5 APPPATH\Controllers\Peminjaman.php(37): CodeIgniter\Database\BaseBuilder->get()
 6 SYSTEMPATH\CodeIgniter.php(933): App\Controllers\Peminjaman->index()
 7 SYSTEMPATH\CodeIgniter.php(507): CodeIgniter\CodeIgniter->runController(Object(App\Controllers\Peminjaman))
 8 SYSTEMPATH\CodeIgniter.php(354): CodeIgniter\CodeIgniter->handleRequest(null, Object(Config\Cache), false)
 9 SYSTEMPATH\Boot.php(363): CodeIgniter\CodeIgniter->run()
10 SYSTEMPATH\Boot.php(68): CodeIgniter\Boot::runCodeIgniter(Object(CodeIgniter\CodeIgniter))
11 FCPATH\index.php(59): CodeIgniter\Boot::bootWeb(Object(Config\Paths))
CRITICAL - 2026-09-30 06:56:13 --> ErrorException: Undefined array key "tanggal_peminjaman"
[Method: GET, Route: peminjaman]
in APPPATH\Views\peminjaman\index.php on line 31.
 1 APPPATH\Views\peminjaman\index.php(31): CodeIgniter\Debug\Exceptions->errorHandler(2, 'Undefined array key "tanggal_peminjaman"', 'C:\\xampp\\htdocs\\maldinci\\app\\Views\\peminjaman\\index.php', 31)
 2 SYSTEMPATH\View\View.php(226): include('C:\\xampp\\htdocs\\maldinci\\app\\Views\\peminjaman\\index.php')
 3 SYSTEMPATH\View\View.php(229): CodeIgniter\View\View->CodeIgniter\View\{closure}()
 4 SYSTEMPATH\Common.php(1167): CodeIgniter\View\View->render('peminjaman/index', [], true)
 5 APPPATH\Controllers\Peminjaman.php(37): view('peminjaman/index', [...])
 6 SYSTEMPATH\CodeIgniter.php(933): App\Controllers\Peminjaman->index()
 7 SYSTEMPATH\CodeIgniter.php(507): CodeIgniter\CodeIgniter->runController(Object(App\Controllers\Peminjaman))
 8 SYSTEMPATH\CodeIgniter.php(354): CodeIgniter\CodeIgniter->handleRequest(null, Object(Config\Cache), false)
 9 SYSTEMPATH\Boot.php(363): CodeIgniter\CodeIgniter->run()
10 SYSTEMPATH\Boot.php(68): CodeIgniter\Boot::runCodeIgniter(Object(CodeIgniter\CodeIgniter))
11 FCPATH\index.php(59): CodeIgniter\Boot::bootWeb(Object(Config\Paths))
CRITICAL - 2026-09-30 06:56:41 --> ErrorException: Undefined array key "tanggal_pengembalian"
[Method: GET, Route: peminjaman]
in APPPATH\Views\peminjaman\index.php on line 32.
 1 APPPATH\Views\peminjaman\index.php(32): CodeIgniter\Debug\Exceptions->errorHandler(2, 'Undefined array key "tanggal_pengembalian"', 'C:\\xampp\\htdocs\\maldinci\\app\\Views\\peminjaman\\index.php', 32)
 2 SYSTEMPATH\View\View.php(226): include('C:\\xampp\\htdocs\\maldinci\\app\\Views\\peminjaman\\index.php')
 3 SYSTEMPATH\View\View.php(229): CodeIgniter\View\View->CodeIgniter\View\{closure}()
 4 SYSTEMPATH\Common.php(1167): CodeIgniter\View\View->render('peminjaman/index', [], true)
 5 APPPATH\Controllers\Peminjaman.php(37): view('peminjaman/index', [...])
 6 SYSTEMPATH\CodeIgniter.php(933): App\Controllers\Peminjaman->index()
 7 SYSTEMPATH\CodeIgniter.php(507): CodeIgniter\CodeIgniter->runController(Object(App\Controllers\Peminjaman))
 8 SYSTEMPATH\CodeIgniter.php(354): CodeIgniter\CodeIgniter->handleRequest(null, Object(Config\Cache), false)
 9 SYSTEMPATH\Boot.php(363): CodeIgniter\CodeIgniter->run()
10 SYSTEMPATH\Boot.php(68): CodeIgniter\Boot::runCodeIgniter(Object(CodeIgniter\CodeIgniter))
11 FCPATH\index.php(59): CodeIgniter\Boot::bootWeb(Object(Config\Paths))
DEBUG - 2026-09-30 06:56:55 --> Session: Class initialized using 'CodeIgniter\Session\Handlers\FileHandler' driver.
DEBUG - 2026-09-30 06:57:16 --> Session: Class initialized using 'CodeIgniter\Session\Handlers\FileHandler' driver.
DEBUG - 2026-09-30 06:57:52 --> Session: Class initialized using 'CodeIgniter\Session\Handlers\FileHandler' driver.
DEBUG - 2026-09-30 06:59:05 --> Session: Class initialized using 'CodeIgniter\Session\Handlers\FileHandler' driver.
DEBUG - 2026-09-30 07:00:31 --> Session: Class initialized using 'CodeIgniter\Session\Handlers\FileHandler' driver.
DEBUG - 2026-09-30 07:00:32 --> Session: Class initialized using 'CodeIgniter\Session\Handlers\FileHandler' driver.
DEBUG - 2026-09-30 07:00:46 --> Session: Class initialized using 'CodeIgniter\Session\Handlers\FileHandler' driver.
ERROR - 2026-09-30 07:01:26 --> mysqli_sql_exception: Unknown column 'nama_anggota.nama' in 'field list' in C:\xampp\htdocs\maldinci\system\Database\MySQLi\Connection.php:327
Stack trace:
#0 C:\xampp\htdocs\maldinci\system\Database\MySQLi\Connection.php(327): mysqli->query('SELECT `peminja...', 0)
#1 C:\xampp\htdocs\maldinci\system\Database\BaseConnection.php(729): CodeIgniter\Database\MySQLi\Connection->execute('SELECT `peminja...')
#2 C:\xampp\htdocs\maldinci\system\Database\BaseConnection.php(646): CodeIgniter\Database\BaseConnection->simpleQuery('SELECT `peminja...')
#3 C:\xampp\htdocs\maldinci\system\Database\BaseBuilder.php(1649): CodeIgniter\Database\BaseConnection->query('SELECT `peminja...', Array, false)
#4 C:\xampp\htdocs\maldinci\app\Controllers\Peminjaman.php(37): CodeIgniter\Database\BaseBuilder->get()
#5 C:\xampp\htdocs\maldinci\system\CodeIgniter.php(933): App\Controllers\Peminjaman->index()
#6 C:\xampp\htdocs\maldinci\system\CodeIgniter.php(507): CodeIgniter\CodeIgniter->runController(Object(App\Controllers\Peminjaman))
#7 C:\xampp\htdocs\maldinci\system\CodeIgniter.php(354): CodeIgniter\CodeIgniter->handleRequest(NULL, Object(Config\Cache), false)
#8 C:\xampp\htdocs\maldinci\system\Boot.php(363): CodeIgniter\CodeIgniter->run()
#9 C:\xampp\htdocs\maldinci\system\Boot.php(68): CodeIgniter\Boot::runCodeIgniter(Object(CodeIgniter\CodeIgniter))
#10 C:\xampp\htdocs\maldinci\index.php(59): CodeIgniter\Boot::bootWeb(Object(Config\Paths))
#11 {main}
CRITICAL - 2026-09-30 07:01:26 --> CodeIgniter\Database\Exceptions\DatabaseException: Unknown column 'nama_anggota.nama' in 'field list'
[Method: GET, Route: peminjaman]
in SYSTEMPATH\Database\BaseConnection.php on line 684.
 1 SYSTEMPATH\Database\BaseBuilder.php(1649): CodeIgniter\Database\BaseConnection->query('SELECT `peminjaman`.*, `buku`.`judul`, `nama_anggota`.`nama` as `nama_anggota`, `nama_petugas`.`nama` as `nama_petugas`
FROM `peminjaman`
LEFT JOIN `buku` ON `buku`.`id_buku` = `peminjaman`.`id_buku`
LEFT JOIN `anggota` as `nama_anggota` ON `nama_anggota`.`id` = `peminjaman`.`id_anggota`
LEFT JOIN `petugas` as `nama_petugas` ON `nama_petugas`.`id` = `peminjaman`.`id_petugas`', [], false)
 2 APPPATH\Controllers\Peminjaman.php(37): CodeIgniter\Database\BaseBuilder->get()
 3 SYSTEMPATH\CodeIgniter.php(933): App\Controllers\Peminjaman->index()
 4 SYSTEMPATH\CodeIgniter.php(507): CodeIgniter\CodeIgniter->runController(Object(App\Controllers\Peminjaman))
 5 SYSTEMPATH\CodeIgniter.php(354): CodeIgniter\CodeIgniter->handleRequest(null, Object(Config\Cache), false)
 6 SYSTEMPATH\Boot.php(363): CodeIgniter\CodeIgniter->run()
 7 SYSTEMPATH\Boot.php(68): CodeIgniter\Boot::runCodeIgniter(Object(CodeIgniter\CodeIgniter))
 8 FCPATH\index.php(59): CodeIgniter\Boot::bootWeb(Object(Config\Paths))
CRITICAL - 2026-09-30 07:01:26 --> [Caused by] CodeIgniter\Database\Exceptions\DatabaseException: Unknown column 'nama_anggota.nama' in 'field list'
in SYSTEMPATH\Database\MySQLi\Connection.php on line 332.
 1 SYSTEMPATH\Database\BaseConnection.php(729): CodeIgniter\Database\MySQLi\Connection->execute('SELECT `peminjaman`.*, `buku`.`judul`, `nama_anggota`.`nama` as `nama_anggota`, `nama_petugas`.`nama` as `nama_petugas`
FROM `peminjaman`
LEFT JOIN `buku` ON `buku`.`id_buku` = `peminjaman`.`id_buku`
LEFT JOIN `anggota` as `nama_anggota` ON `nama_anggota`.`id` = `peminjaman`.`id_anggota`
LEFT JOIN `petugas` as `nama_petugas` ON `nama_petugas`.`id` = `peminjaman`.`id_petugas`')
 2 SYSTEMPATH\Database\BaseConnection.php(646): CodeIgniter\Database\BaseConnection->simpleQuery('SELECT `peminjaman`.*, `buku`.`judul`, `nama_anggota`.`nama` as `nama_anggota`, `nama_petugas`.`nama` as `nama_petugas`
FROM `peminjaman`
LEFT JOIN `buku` ON `buku`.`id_buku` = `peminjaman`.`id_buku`
LEFT JOIN `anggota` as `nama_anggota` ON `nama_anggota`.`id` = `peminjaman`.`id_anggota`
LEFT JOIN `petugas` as `nama_petugas` ON `nama_petugas`.`id` = `peminjaman`.`id_petugas`')
 3 SYSTEMPATH\Database\BaseBuilder.php(1649): CodeIgniter\Database\BaseConnection->query('SELECT `peminjaman`.*, `buku`.`judul`, `nama_anggota`.`nama` as `nama_anggota`, `nama_petugas`.`nama` as `nama_petugas`
FROM `peminjaman`
LEFT JOIN `buku` ON `buku`.`id_buku` = `peminjaman`.`id_buku`
LEFT JOIN `anggota` as `nama_anggota` ON `nama_anggota`.`id` = `peminjaman`.`id_anggota`
LEFT JOIN `petugas` as `nama_petugas` ON `nama_petugas`.`id` = `peminjaman`.`id_petugas`', [], false)
 4 APPPATH\Controllers\Peminjaman.php(37): CodeIgniter\Database\BaseBuilder->get()
 5 SYSTEMPATH\CodeIgniter.php(933): App\Controllers\Peminjaman->index()
 6 SYSTEMPATH\CodeIgniter.php(507): CodeIgniter\CodeIgniter->runController(Object(App\Controllers\Peminjaman))
 7 SYSTEMPATH\CodeIgniter.php(354): CodeIgniter\CodeIgniter->handleRequest(null, Object(Config\Cache), false)
 8 SYSTEMPATH\Boot.php(363): CodeIgniter\CodeIgniter->run()
 9 SYSTEMPATH\Boot.php(68): CodeIgniter\Boot::runCodeIgniter(Object(CodeIgniter\CodeIgniter))
10 FCPATH\index.php(59): CodeIgniter\Boot::bootWeb(Object(Config\Paths))
CRITICAL - 2026-09-30 07:01:26 --> [Caused by] mysqli_sql_exception: Unknown column 'nama_anggota.nama' in 'field list'
in SYSTEMPATH\Database\MySQLi\Connection.php on line 327.
 1 SYSTEMPATH\Database\MySQLi\Connection.php(327): mysqli->query('SELECT `peminjaman`.*, `buku`.`judul`, `nama_anggota`.`nama` as `nama_anggota`, `nama_petugas`.`nama` as `nama_petugas`
FROM `peminjaman`
LEFT JOIN `buku` ON `buku`.`id_buku` = `peminjaman`.`id_buku`
LEFT JOIN `anggota` as `nama_anggota` ON `nama_anggota`.`id` = `peminjaman`.`id_anggota`
LEFT JOIN `petugas` as `nama_petugas` ON `nama_petugas`.`id` = `peminjaman`.`id_petugas`', 0)
 2 SYSTEMPATH\Database\BaseConnection.php(729): CodeIgniter\Database\MySQLi\Connection->execute('SELECT `peminjaman`.*, `buku`.`judul`, `nama_anggota`.`nama` as `nama_anggota`, `nama_petugas`.`nama` as `nama_petugas`
FROM `peminjaman`
LEFT JOIN `buku` ON `buku`.`id_buku` = `peminjaman`.`id_buku`
LEFT JOIN `anggota` as `nama_anggota` ON `nama_anggota`.`id` = `peminjaman`.`id_anggota`
LEFT JOIN `petugas` as `nama_petugas` ON `nama_petugas`.`id` = `peminjaman`.`id_petugas`')
 3 SYSTEMPATH\Database\BaseConnection.php(646): CodeIgniter\Database\BaseConnection->simpleQuery('SELECT `peminjaman`.*, `buku`.`judul`, `nama_anggota`.`nama` as `nama_anggota`, `nama_petugas`.`nama` as `nama_petugas`
FROM `peminjaman`
LEFT JOIN `buku` ON `buku`.`id_buku` = `peminjaman`.`id_buku`
LEFT JOIN `anggota` as `nama_anggota` ON `nama_anggota`.`id` = `peminjaman`.`id_anggota`
LEFT JOIN `petugas` as `nama_petugas` ON `nama_petugas`.`id` = `peminjaman`.`id_petugas`')
 4 SYSTEMPATH\Database\BaseBuilder.php(1649): CodeIgniter\Database\BaseConnection->query('SELECT `peminjaman`.*, `buku`.`judul`, `nama_anggota`.`nama` as `nama_anggota`, `nama_petugas`.`nama` as `nama_petugas`
FROM `peminjaman`
LEFT JOIN `buku` ON `buku`.`id_buku` = `peminjaman`.`id_buku`
LEFT JOIN `anggota` as `nama_anggota` ON `nama_anggota`.`id` = `peminjaman`.`id_anggota`
LEFT JOIN `petugas` as `nama_petugas` ON `nama_petugas`.`id` = `peminjaman`.`id_petugas`', [], false)
 5 APPPATH\Controllers\Peminjaman.php(37): CodeIgniter\Database\BaseBuilder->get()
 6 SYSTEMPATH\CodeIgniter.php(933): App\Controllers\Peminjaman->index()
 7 SYSTEMPATH\CodeIgniter.php(507): CodeIgniter\CodeIgniter->runController(Object(App\Controllers\Peminjaman))
 8 SYSTEMPATH\CodeIgniter.php(354): CodeIgniter\CodeIgniter->handleRequest(null, Object(Config\Cache), false)
 9 SYSTEMPATH\Boot.php(363): CodeIgniter\CodeIgniter->run()
10 SYSTEMPATH\Boot.php(68): CodeIgniter\Boot::runCodeIgniter(Object(CodeIgniter\CodeIgniter))
11 FCPATH\index.php(59): CodeIgniter\Boot::bootWeb(Object(Config\Paths))
ERROR - 2026-09-30 07:02:01 --> mysqli_sql_exception: Unknown column 'anggota.nama' in 'field list' in C:\xampp\htdocs\maldinci\system\Database\MySQLi\Connection.php:327
Stack trace:
#0 C:\xampp\htdocs\maldinci\system\Database\MySQLi\Connection.php(327): mysqli->query('SELECT `peminja...', 0)
#1 C:\xampp\htdocs\maldinci\system\Database\BaseConnection.php(729): CodeIgniter\Database\MySQLi\Connection->execute('SELECT `peminja...')
#2 C:\xampp\htdocs\maldinci\system\Database\BaseConnection.php(646): CodeIgniter\Database\BaseConnection->simpleQuery('SELECT `peminja...')
#3 C:\xampp\htdocs\maldinci\system\Database\BaseBuilder.php(1649): CodeIgniter\Database\BaseConnection->query('SELECT `peminja...', Array, false)
#4 C:\xampp\htdocs\maldinci\app\Controllers\Peminjaman.php(37): CodeIgniter\Database\BaseBuilder->get()
#5 C:\xampp\htdocs\maldinci\system\CodeIgniter.php(933): App\Controllers\Peminjaman->index()
#6 C:\xampp\htdocs\maldinci\system\CodeIgniter.php(507): CodeIgniter\CodeIgniter->runController(Object(App\Controllers\Peminjaman))
#7 C:\xampp\htdocs\maldinci\system\CodeIgniter.php(354): CodeIgniter\CodeIgniter->handleRequest(NULL, Object(Config\Cache), false)
#8 C:\xampp\htdocs\maldinci\system\Boot.php(363): CodeIgniter\CodeIgniter->run()
#9 C:\xampp\htdocs\maldinci\system\Boot.php(68): CodeIgniter\Boot::runCodeIgniter(Object(CodeIgniter\CodeIgniter))
#10 C:\xampp\htdocs\maldinci\index.php(59): CodeIgniter\Boot::bootWeb(Object(Config\Paths))
#11 {main}
CRITICAL - 2026-09-30 07:02:01 --> CodeIgniter\Database\Exceptions\DatabaseException: Unknown column 'anggota.nama' in 'field list'
[Method: GET, Route: peminjaman]
in SYSTEMPATH\Database\BaseConnection.php on line 684.
 1 SYSTEMPATH\Database\BaseBuilder.php(1649): CodeIgniter\Database\BaseConnection->query('SELECT `peminjaman`.*, `buku`.`judul`, `anggota`.`nama` as `nama_anggota`, `petugas`.`nama` as `nama_petugas`
FROM `peminjaman`
LEFT JOIN `buku` ON `buku`.`id_buku` = `peminjaman`.`id_buku`
LEFT JOIN `anggota` ON `anggota`.`id` = `peminjaman`.`id_anggota`
LEFT JOIN `petugas` ON `petugas`.`id` = `peminjaman`.`id_petugas`', [], false)
 2 APPPATH\Controllers\Peminjaman.php(37): CodeIgniter\Database\BaseBuilder->get()
 3 SYSTEMPATH\CodeIgniter.php(933): App\Controllers\Peminjaman->index()
 4 SYSTEMPATH\CodeIgniter.php(507): CodeIgniter\CodeIgniter->runController(Object(App\Controllers\Peminjaman))
 5 SYSTEMPATH\CodeIgniter.php(354): CodeIgniter\CodeIgniter->handleRequest(null, Object(Config\Cache), false)
 6 SYSTEMPATH\Boot.php(363): CodeIgniter\CodeIgniter->run()
 7 SYSTEMPATH\Boot.php(68): CodeIgniter\Boot::runCodeIgniter(Object(CodeIgniter\CodeIgniter))
 8 FCPATH\index.php(59): CodeIgniter\Boot::bootWeb(Object(Config\Paths))
CRITICAL - 2026-09-30 07:02:01 --> [Caused by] CodeIgniter\Database\Exceptions\DatabaseException: Unknown column 'anggota.nama' in 'field list'
in SYSTEMPATH\Database\MySQLi\Connection.php on line 332.
 1 SYSTEMPATH\Database\BaseConnection.php(729): CodeIgniter\Database\MySQLi\Connection->execute('SELECT `peminjaman`.*, `buku`.`judul`, `anggota`.`nama` as `nama_anggota`, `petugas`.`nama` as `nama_petugas`
FROM `peminjaman`
LEFT JOIN `buku` ON `buku`.`id_buku` = `peminjaman`.`id_buku`
LEFT JOIN `anggota` ON `anggota`.`id` = `peminjaman`.`id_anggota`
LEFT JOIN `petugas` ON `petugas`.`id` = `peminjaman`.`id_petugas`')
 2 SYSTEMPATH\Database\BaseConnection.php(646): CodeIgniter\Database\BaseConnection->simpleQuery('SELECT `peminjaman`.*, `buku`.`judul`, `anggota`.`nama` as `nama_anggota`, `petugas`.`nama` as `nama_petugas`
FROM `peminjaman`
LEFT JOIN `buku` ON `buku`.`id_buku` = `peminjaman`.`id_buku`
LEFT JOIN `anggota` ON `anggota`.`id` = `peminjaman`.`id_anggota`
LEFT JOIN `petugas` ON `petugas`.`id` = `peminjaman`.`id_petugas`')
 3 SYSTEMPATH\Database\BaseBuilder.php(1649): CodeIgniter\Database\BaseConnection->query('SELECT `peminjaman`.*, `buku`.`judul`, `anggota`.`nama` as `nama_anggota`, `petugas`.`nama` as `nama_petugas`
FROM `peminjaman`
LEFT JOIN `buku` ON `buku`.`id_buku` = `peminjaman`.`id_buku`
LEFT JOIN `anggota` ON `anggota`.`id` = `peminjaman`.`id_anggota`
LEFT JOIN `petugas` ON `petugas`.`id` = `peminjaman`.`id_petugas`', [], false)
 4 APPPATH\Controllers\Peminjaman.php(37): CodeIgniter\Database\BaseBuilder->get()
 5 SYSTEMPATH\CodeIgniter.php(933): App\Controllers\Peminjaman->index()
 6 SYSTEMPATH\CodeIgniter.php(507): CodeIgniter\CodeIgniter->runController(Object(App\Controllers\Peminjaman))
 7 SYSTEMPATH\CodeIgniter.php(354): CodeIgniter\CodeIgniter->handleRequest(null, Object(Config\Cache), false)
 8 SYSTEMPATH\Boot.php(363): CodeIgniter\CodeIgniter->run()
 9 SYSTEMPATH\Boot.php(68): CodeIgniter\Boot::runCodeIgniter(Object(CodeIgniter\CodeIgniter))
10 FCPATH\index.php(59): CodeIgniter\Boot::bootWeb(Object(Config\Paths))
CRITICAL - 2026-09-30 07:02:01 --> [Caused by] mysqli_sql_exception: Unknown column 'anggota.nama' in 'field list'
in SYSTEMPATH\Database\MySQLi\Connection.php on line 327.
 1 SYSTEMPATH\Database\MySQLi\Connection.php(327): mysqli->query('SELECT `peminjaman`.*, `buku`.`judul`, `anggota`.`nama` as `nama_anggota`, `petugas`.`nama` as `nama_petugas`
FROM `peminjaman`
LEFT JOIN `buku` ON `buku`.`id_buku` = `peminjaman`.`id_buku`
LEFT JOIN `anggota` ON `anggota`.`id` = `peminjaman`.`id_anggota`
LEFT JOIN `petugas` ON `petugas`.`id` = `peminjaman`.`id_petugas`', 0)
 2 SYSTEMPATH\Database\BaseConnection.php(729): CodeIgniter\Database\MySQLi\Connection->execute('SELECT `peminjaman`.*, `buku`.`judul`, `anggota`.`nama` as `nama_anggota`, `petugas`.`nama` as `nama_petugas`
FROM `peminjaman`
LEFT JOIN `buku` ON `buku`.`id_buku` = `peminjaman`.`id_buku`
LEFT JOIN `anggota` ON `anggota`.`id` = `peminjaman`.`id_anggota`
LEFT JOIN `petugas` ON `petugas`.`id` = `peminjaman`.`id_petugas`')
 3 SYSTEMPATH\Database\BaseConnection.php(646): CodeIgniter\Database\BaseConnection->simpleQuery('SELECT `peminjaman`.*, `buku`.`judul`, `anggota`.`nama` as `nama_anggota`, `petugas`.`nama` as `nama_petugas`
FROM `peminjaman`
LEFT JOIN `buku` ON `buku`.`id_buku` = `peminjaman`.`id_buku`
LEFT JOIN `anggota` ON `anggota`.`id` = `peminjaman`.`id_anggota`
LEFT JOIN `petugas` ON `petugas`.`id` = `peminjaman`.`id_petugas`')
 4 SYSTEMPATH\Database\BaseBuilder.php(1649): CodeIgniter\Database\BaseConnection->query('SELECT `peminjaman`.*, `buku`.`judul`, `anggota`.`nama` as `nama_anggota`, `petugas`.`nama` as `nama_petugas`
FROM `peminjaman`
LEFT JOIN `buku` ON `buku`.`id_buku` = `peminjaman`.`id_buku`
LEFT JOIN `anggota` ON `anggota`.`id` = `peminjaman`.`id_anggota`
LEFT JOIN `petugas` ON `petugas`.`id` = `peminjaman`.`id_petugas`', [], false)
 5 APPPATH\Controllers\Peminjaman.php(37): CodeIgniter\Database\BaseBuilder->get()
 6 SYSTEMPATH\CodeIgniter.php(933): App\Controllers\Peminjaman->index()
 7 SYSTEMPATH\CodeIgniter.php(507): CodeIgniter\CodeIgniter->runController(Object(App\Controllers\Peminjaman))
 8 SYSTEMPATH\CodeIgniter.php(354): CodeIgniter\CodeIgniter->handleRequest(null, Object(Config\Cache), false)
 9 SYSTEMPATH\Boot.php(363): CodeIgniter\CodeIgniter->run()
10 SYSTEMPATH\Boot.php(68): CodeIgniter\Boot::runCodeIgniter(Object(CodeIgniter\CodeIgniter))
11 FCPATH\index.php(59): CodeIgniter\Boot::bootWeb(Object(Config\Paths))
ERROR - 2026-09-30 07:02:03 --> mysqli_sql_exception: Unknown column 'anggota.nama' in 'field list' in C:\xampp\htdocs\maldinci\system\Database\MySQLi\Connection.php:327
Stack trace:
#0 C:\xampp\htdocs\maldinci\system\Database\MySQLi\Connection.php(327): mysqli->query('SELECT `peminja...', 0)
#1 C:\xampp\htdocs\maldinci\system\Database\BaseConnection.php(729): CodeIgniter\Database\MySQLi\Connection->execute('SELECT `peminja...')
#2 C:\xampp\htdocs\maldinci\system\Database\BaseConnection.php(646): CodeIgniter\Database\BaseConnection->simpleQuery('SELECT `peminja...')
#3 C:\xampp\htdocs\maldinci\system\Database\BaseBuilder.php(1649): CodeIgniter\Database\BaseConnection->query('SELECT `peminja...', Array, false)
#4 C:\xampp\htdocs\maldinci\app\Controllers\Peminjaman.php(37): CodeIgniter\Database\BaseBuilder->get()
#5 C:\xampp\htdocs\maldinci\system\CodeIgniter.php(933): App\Controllers\Peminjaman->index()
#6 C:\xampp\htdocs\maldinci\system\CodeIgniter.php(507): CodeIgniter\CodeIgniter->runController(Object(App\Controllers\Peminjaman))
#7 C:\xampp\htdocs\maldinci\system\CodeIgniter.php(354): CodeIgniter\CodeIgniter->handleRequest(NULL, Object(Config\Cache), false)
#8 C:\xampp\htdocs\maldinci\system\Boot.php(363): CodeIgniter\CodeIgniter->run()
#9 C:\xampp\htdocs\maldinci\system\Boot.php(68): CodeIgniter\Boot::runCodeIgniter(Object(CodeIgniter\CodeIgniter))
#10 C:\xampp\htdocs\maldinci\index.php(59): CodeIgniter\Boot::bootWeb(Object(Config\Paths))
#11 {main}
CRITICAL - 2026-09-30 07:02:03 --> CodeIgniter\Database\Exceptions\DatabaseException: Unknown column 'anggota.nama' in 'field list'
[Method: GET, Route: peminjaman]
in SYSTEMPATH\Database\BaseConnection.php on line 684.
 1 SYSTEMPATH\Database\BaseBuilder.php(1649): CodeIgniter\Database\BaseConnection->query('SELECT `peminjaman`.*, `buku`.`judul`, `anggota`.`nama` as `nama_anggota`, `petugas`.`nama` as `nama_petugas`
FROM `peminjaman`
LEFT JOIN `buku` ON `buku`.`id_buku` = `peminjaman`.`id_buku`
LEFT JOIN `anggota` ON `anggota`.`id` = `peminjaman`.`id_anggota`
LEFT JOIN `petugas` ON `petugas`.`id` = `peminjaman`.`id_petugas`', [], false)
 2 APPPATH\Controllers\Peminjaman.php(37): CodeIgniter\Database\BaseBuilder->get()
 3 SYSTEMPATH\CodeIgniter.php(933): App\Controllers\Peminjaman->index()
 4 SYSTEMPATH\CodeIgniter.php(507): CodeIgniter\CodeIgniter->runController(Object(App\Controllers\Peminjaman))
 5 SYSTEMPATH\CodeIgniter.php(354): CodeIgniter\CodeIgniter->handleRequest(null, Object(Config\Cache), false)
 6 SYSTEMPATH\Boot.php(363): CodeIgniter\CodeIgniter->run()
 7 SYSTEMPATH\Boot.php(68): CodeIgniter\Boot::runCodeIgniter(Object(CodeIgniter\CodeIgniter))
 8 FCPATH\index.php(59): CodeIgniter\Boot::bootWeb(Object(Config\Paths))
CRITICAL - 2026-09-30 07:02:03 --> [Caused by] CodeIgniter\Database\Exceptions\DatabaseException: Unknown column 'anggota.nama' in 'field list'
in SYSTEMPATH\Database\MySQLi\Connection.php on line 332.
 1 SYSTEMPATH\Database\BaseConnection.php(729): CodeIgniter\Database\MySQLi\Connection->execute('SELECT `peminjaman`.*, `buku`.`judul`, `anggota`.`nama` as `nama_anggota`, `petugas`.`nama` as `nama_petugas`
FROM `peminjaman`
LEFT JOIN `buku` ON `buku`.`id_buku` = `peminjaman`.`id_buku`
LEFT JOIN `anggota` ON `anggota`.`id` = `peminjaman`.`id_anggota`
LEFT JOIN `petugas` ON `petugas`.`id` = `peminjaman`.`id_petugas`')
 2 SYSTEMPATH\Database\BaseConnection.php(646): CodeIgniter\Database\BaseConnection->simpleQuery('SELECT `peminjaman`.*, `buku`.`judul`, `anggota`.`nama` as `nama_anggota`, `petugas`.`nama` as `nama_petugas`
FROM `peminjaman`
LEFT JOIN `buku` ON `buku`.`id_buku` = `peminjaman`.`id_buku`
LEFT JOIN `anggota` ON `anggota`.`id` = `peminjaman`.`id_anggota`
LEFT JOIN `petugas` ON `petugas`.`id` = `peminjaman`.`id_petugas`')
 3 SYSTEMPATH\Database\BaseBuilder.php(1649): CodeIgniter\Database\BaseConnection->query('SELECT `peminjaman`.*, `buku`.`judul`, `anggota`.`nama` as `nama_anggota`, `petugas`.`nama` as `nama_petugas`
FROM `peminjaman`
LEFT JOIN `buku` ON `buku`.`id_buku` = `peminjaman`.`id_buku`
LEFT JOIN `anggota` ON `anggota`.`id` = `peminjaman`.`id_anggota`
LEFT JOIN `petugas` ON `petugas`.`id` = `peminjaman`.`id_petugas`', [], false)
 4 APPPATH\Controllers\Peminjaman.php(37): CodeIgniter\Database\BaseBuilder->get()
 5 SYSTEMPATH\CodeIgniter.php(933): App\Controllers\Peminjaman->index()
 6 SYSTEMPATH\CodeIgniter.php(507): CodeIgniter\CodeIgniter->runController(Object(App\Controllers\Peminjaman))
 7 SYSTEMPATH\CodeIgniter.php(354): CodeIgniter\CodeIgniter->handleRequest(null, Object(Config\Cache), false)
 8 SYSTEMPATH\Boot.php(363): CodeIgniter\CodeIgniter->run()
 9 SYSTEMPATH\Boot.php(68): CodeIgniter\Boot::runCodeIgniter(Object(CodeIgniter\CodeIgniter))
10 FCPATH\index.php(59): CodeIgniter\Boot::bootWeb(Object(Config\Paths))
CRITICAL - 2026-09-30 07:02:03 --> [Caused by] mysqli_sql_exception: Unknown column 'anggota.nama' in 'field list'
in SYSTEMPATH\Database\MySQLi\Connection.php on line 327.
 1 SYSTEMPATH\Database\MySQLi\Connection.php(327): mysqli->query('SELECT `peminjaman`.*, `buku`.`judul`, `anggota`.`nama` as `nama_anggota`, `petugas`.`nama` as `nama_petugas`
FROM `peminjaman`
LEFT JOIN `buku` ON `buku`.`id_buku` = `peminjaman`.`id_buku`
LEFT JOIN `anggota` ON `anggota`.`id` = `peminjaman`.`id_anggota`
LEFT JOIN `petugas` ON `petugas`.`id` = `peminjaman`.`id_petugas`', 0)
 2 SYSTEMPATH\Database\BaseConnection.php(729): CodeIgniter\Database\MySQLi\Connection->execute('SELECT `peminjaman`.*, `buku`.`judul`, `anggota`.`nama` as `nama_anggota`, `petugas`.`nama` as `nama_petugas`
FROM `peminjaman`
LEFT JOIN `buku` ON `buku`.`id_buku` = `peminjaman`.`id_buku`
LEFT JOIN `anggota` ON `anggota`.`id` = `peminjaman`.`id_anggota`
LEFT JOIN `petugas` ON `petugas`.`id` = `peminjaman`.`id_petugas`')
 3 SYSTEMPATH\Database\BaseConnection.php(646): CodeIgniter\Database\BaseConnection->simpleQuery('SELECT `peminjaman`.*, `buku`.`judul`, `anggota`.`nama` as `nama_anggota`, `petugas`.`nama` as `nama_petugas`
FROM `peminjaman`
LEFT JOIN `buku` ON `buku`.`id_buku` = `peminjaman`.`id_buku`
LEFT JOIN `anggota` ON `anggota`.`id` = `peminjaman`.`id_anggota`
LEFT JOIN `petugas` ON `petugas`.`id` = `peminjaman`.`id_petugas`')
 4 SYSTEMPATH\Database\BaseBuilder.php(1649): CodeIgniter\Database\BaseConnection->query('SELECT `peminjaman`.*, `buku`.`judul`, `anggota`.`nama` as `nama_anggota`, `petugas`.`nama` as `nama_petugas`
FROM `peminjaman`
LEFT JOIN `buku` ON `buku`.`id_buku` = `peminjaman`.`id_buku`
LEFT JOIN `anggota` ON `anggota`.`id` = `peminjaman`.`id_anggota`
LEFT JOIN `petugas` ON `petugas`.`id` = `peminjaman`.`id_petugas`', [], false)
 5 APPPATH\Controllers\Peminjaman.php(37): CodeIgniter\Database\BaseBuilder->get()
 6 SYSTEMPATH\CodeIgniter.php(933): App\Controllers\Peminjaman->index()
 7 SYSTEMPATH\CodeIgniter.php(507): CodeIgniter\CodeIgniter->runController(Object(App\Controllers\Peminjaman))
 8 SYSTEMPATH\CodeIgniter.php(354): CodeIgniter\CodeIgniter->handleRequest(null, Object(Config\Cache), false)
 9 SYSTEMPATH\Boot.php(363): CodeIgniter\CodeIgniter->run()
10 SYSTEMPATH\Boot.php(68): CodeIgniter\Boot::runCodeIgniter(Object(CodeIgniter\CodeIgniter))
11 FCPATH\index.php(59): CodeIgniter\Boot::bootWeb(Object(Config\Paths))
ERROR - 2026-09-30 07:04:53 --> mysqli_sql_exception: Unknown column 'anggota.nama' in 'field list' in C:\xampp\htdocs\maldinci\system\Database\MySQLi\Connection.php:327
Stack trace:
#0 C:\xampp\htdocs\maldinci\system\Database\MySQLi\Connection.php(327): mysqli->query('SELECT `peminja...', 0)
#1 C:\xampp\htdocs\maldinci\system\Database\BaseConnection.php(729): CodeIgniter\Database\MySQLi\Connection->execute('SELECT `peminja...')
#2 C:\xampp\htdocs\maldinci\system\Database\BaseConnection.php(646): CodeIgniter\Database\BaseConnection->simpleQuery('SELECT `peminja...')
#3 C:\xampp\htdocs\maldinci\system\Database\BaseBuilder.php(1649): CodeIgniter\Database\BaseConnection->query('SELECT `peminja...', Array, false)
#4 C:\xampp\htdocs\maldinci\app\Controllers\Peminjaman.php(37): CodeIgniter\Database\BaseBuilder->get()
#5 C:\xampp\htdocs\maldinci\system\CodeIgniter.php(933): App\Controllers\Peminjaman->index()
#6 C:\xampp\htdocs\maldinci\system\CodeIgniter.php(507): CodeIgniter\CodeIgniter->runController(Object(App\Controllers\Peminjaman))
#7 C:\xampp\htdocs\maldinci\system\CodeIgniter.php(354): CodeIgniter\CodeIgniter->handleRequest(NULL, Object(Config\Cache), false)
#8 C:\xampp\htdocs\maldinci\system\Boot.php(363): CodeIgniter\CodeIgniter->run()
#9 C:\xampp\htdocs\maldinci\system\Boot.php(68): CodeIgniter\Boot::runCodeIgniter(Object(CodeIgniter\CodeIgniter))
#10 C:\xampp\htdocs\maldinci\index.php(59): CodeIgniter\Boot::bootWeb(Object(Config\Paths))
#11 {main}
CRITICAL - 2026-09-30 07:04:53 --> CodeIgniter\Database\Exceptions\DatabaseException: Unknown column 'anggota.nama' in 'field list'
[Method: GET, Route: peminjaman]
in SYSTEMPATH\Database\BaseConnection.php on line 684.
 1 SYSTEMPATH\Database\BaseBuilder.php(1649): CodeIgniter\Database\BaseConnection->query('SELECT `peminjaman`.*, `buku`.`judul`, `anggota`.`nama` as `nama_anggota`, `petugas`.`nama` as `nama_petugas`
FROM `peminjaman`
LEFT JOIN `buku` ON `buku`.`id_buku` = `peminjaman`.`id_buku`
LEFT JOIN `anggota` ON `anggota`.`id` = `peminjaman`.`id_anggota`
LEFT JOIN `petugas` ON `petugas`.`id` = `peminjaman`.`id_petugas`', [], false)
 2 APPPATH\Controllers\Peminjaman.php(37): CodeIgniter\Database\BaseBuilder->get()
 3 SYSTEMPATH\CodeIgniter.php(933): App\Controllers\Peminjaman->index()
 4 SYSTEMPATH\CodeIgniter.php(507): CodeIgniter\CodeIgniter->runController(Object(App\Controllers\Peminjaman))
 5 SYSTEMPATH\CodeIgniter.php(354): CodeIgniter\CodeIgniter->handleRequest(null, Object(Config\Cache), false)
 6 SYSTEMPATH\Boot.php(363): CodeIgniter\CodeIgniter->run()
 7 SYSTEMPATH\Boot.php(68): CodeIgniter\Boot::runCodeIgniter(Object(CodeIgniter\CodeIgniter))
 8 FCPATH\index.php(59): CodeIgniter\Boot::bootWeb(Object(Config\Paths))
CRITICAL - 2026-09-30 07:04:53 --> [Caused by] CodeIgniter\Database\Exceptions\DatabaseException: Unknown column 'anggota.nama' in 'field list'
in SYSTEMPATH\Database\MySQLi\Connection.php on line 332.
 1 SYSTEMPATH\Database\BaseConnection.php(729): CodeIgniter\Database\MySQLi\Connection->execute('SELECT `peminjaman`.*, `buku`.`judul`, `anggota`.`nama` as `nama_anggota`, `petugas`.`nama` as `nama_petugas`
FROM `peminjaman`
LEFT JOIN `buku` ON `buku`.`id_buku` = `peminjaman`.`id_buku`
LEFT JOIN `anggota` ON `anggota`.`id` = `peminjaman`.`id_anggota`
LEFT JOIN `petugas` ON `petugas`.`id` = `peminjaman`.`id_petugas`')
 2 SYSTEMPATH\Database\BaseConnection.php(646): CodeIgniter\Database\BaseConnection->simpleQuery('SELECT `peminjaman`.*, `buku`.`judul`, `anggota`.`nama` as `nama_anggota`, `petugas`.`nama` as `nama_petugas`
FROM `peminjaman`
LEFT JOIN `buku` ON `buku`.`id_buku` = `peminjaman`.`id_buku`
LEFT JOIN `anggota` ON `anggota`.`id` = `peminjaman`.`id_anggota`
LEFT JOIN `petugas` ON `petugas`.`id` = `peminjaman`.`id_petugas`')
 3 SYSTEMPATH\Database\BaseBuilder.php(1649): CodeIgniter\Database\BaseConnection->query('SELECT `peminjaman`.*, `buku`.`judul`, `anggota`.`nama` as `nama_anggota`, `petugas`.`nama` as `nama_petugas`
FROM `peminjaman`
LEFT JOIN `buku` ON `buku`.`id_buku` = `peminjaman`.`id_buku`
LEFT JOIN `anggota` ON `anggota`.`id` = `peminjaman`.`id_anggota`
LEFT JOIN `petugas` ON `petugas`.`id` = `peminjaman`.`id_petugas`', [], false)
 4 APPPATH\Controllers\Peminjaman.php(37): CodeIgniter\Database\BaseBuilder->get()
 5 SYSTEMPATH\CodeIgniter.php(933): App\Controllers\Peminjaman->index()
 6 SYSTEMPATH\CodeIgniter.php(507): CodeIgniter\CodeIgniter->runController(Object(App\Controllers\Peminjaman))
 7 SYSTEMPATH\CodeIgniter.php(354): CodeIgniter\CodeIgniter->handleRequest(null, Object(Config\Cache), false)
 8 SYSTEMPATH\Boot.php(363): CodeIgniter\CodeIgniter->run()
 9 SYSTEMPATH\Boot.php(68): CodeIgniter\Boot::runCodeIgniter(Object(CodeIgniter\CodeIgniter))
10 FCPATH\index.php(59): CodeIgniter\Boot::bootWeb(Object(Config\Paths))
CRITICAL - 2026-09-30 07:04:53 --> [Caused by] mysqli_sql_exception: Unknown column 'anggota.nama' in 'field list'
in SYSTEMPATH\Database\MySQLi\Connection.php on line 327.
 1 SYSTEMPATH\Database\MySQLi\Connection.php(327): mysqli->query('SELECT `peminjaman`.*, `buku`.`judul`, `anggota`.`nama` as `nama_anggota`, `petugas`.`nama` as `nama_petugas`
FROM `peminjaman`
LEFT JOIN `buku` ON `buku`.`id_buku` = `peminjaman`.`id_buku`
LEFT JOIN `anggota` ON `anggota`.`id` = `peminjaman`.`id_anggota`
LEFT JOIN `petugas` ON `petugas`.`id` = `peminjaman`.`id_petugas`', 0)
 2 SYSTEMPATH\Database\BaseConnection.php(729): CodeIgniter\Database\MySQLi\Connection->execute('SELECT `peminjaman`.*, `buku`.`judul`, `anggota`.`nama` as `nama_anggota`, `petugas`.`nama` as `nama_petugas`
FROM `peminjaman`
LEFT JOIN `buku` ON `buku`.`id_buku` = `peminjaman`.`id_buku`
LEFT JOIN `anggota` ON `anggota`.`id` = `peminjaman`.`id_anggota`
LEFT JOIN `petugas` ON `petugas`.`id` = `peminjaman`.`id_petugas`')
 3 SYSTEMPATH\Database\BaseConnection.php(646): CodeIgniter\Database\BaseConnection->simpleQuery('SELECT `peminjaman`.*, `buku`.`judul`, `anggota`.`nama` as `nama_anggota`, `petugas`.`nama` as `nama_petugas`
FROM `peminjaman`
LEFT JOIN `buku` ON `buku`.`id_buku` = `peminjaman`.`id_buku`
LEFT JOIN `anggota` ON `anggota`.`id` = `peminjaman`.`id_anggota`
LEFT JOIN `petugas` ON `petugas`.`id` = `peminjaman`.`id_petugas`')
 4 SYSTEMPATH\Database\BaseBuilder.php(1649): CodeIgniter\Database\BaseConnection->query('SELECT `peminjaman`.*, `buku`.`judul`, `anggota`.`nama` as `nama_anggota`, `petugas`.`nama` as `nama_petugas`
FROM `peminjaman`
LEFT JOIN `buku` ON `buku`.`id_buku` = `peminjaman`.`id_buku`
LEFT JOIN `anggota` ON `anggota`.`id` = `peminjaman`.`id_anggota`
LEFT JOIN `petugas` ON `petugas`.`id` = `peminjaman`.`id_petugas`', [], false)
 5 APPPATH\Controllers\Peminjaman.php(37): CodeIgniter\Database\BaseBuilder->get()
 6 SYSTEMPATH\CodeIgniter.php(933): App\Controllers\Peminjaman->index()
 7 SYSTEMPATH\CodeIgniter.php(507): CodeIgniter\CodeIgniter->runController(Object(App\Controllers\Peminjaman))
 8 SYSTEMPATH\CodeIgniter.php(354): CodeIgniter\CodeIgniter->handleRequest(null, Object(Config\Cache), false)
 9 SYSTEMPATH\Boot.php(363): CodeIgniter\CodeIgniter->run()
10 SYSTEMPATH\Boot.php(68): CodeIgniter\Boot::runCodeIgniter(Object(CodeIgniter\CodeIgniter))
11 FCPATH\index.php(59): CodeIgniter\Boot::bootWeb(Object(Config\Paths))
